<Report>
  <SessionAlarmDetails>
    <Instrument>
      <Type>Altair4X</Type>
      <UserName></UserName>
      <Company></Company>
      <Department></Department>
      <SerialNumber>0</SerialNumber>
      <AverageEnable>True</AverageEnable>
      <PeakEnable>True</PeakEnable>
      <DatalogEnable>True</DatalogEnable>
      <AverageInterval>0</AverageInterval>
      <AudioAlarmEnable>True</AudioAlarmEnable>
      <LedAlarmEnable>True</LedAlarmEnable>
      <VibratingAlarmEnable>True</VibratingAlarmEnable>
      <ManDownAlarmEnable>False</ManDownAlarmEnable>
      <CalibrationInterval>30</CalibrationInterval>
      <BumpInterval>0</BumpInterval>
      <TimeZone>South Africa Standard Time</TimeZone>
      <DaylightSavingsEnable>False</DaylightSavingsEnable>
      <Sensors>
        <Sensor>
          <GasUnits>PercentLEL</GasUnits>
          <GasType>CO</GasType>
          <Site>3</Site>
          <Enabled>True</Enabled>
          <Alarms>
            <Alarm>
              <AlarmType>ExposureLowAlarm</AlarmType>
              <Enabled>True</Enabled>
              <Latching>False</Latching>
              <Setpoint>50</Setpoint>
            </Alarm>
            <Alarm>
              <AlarmType>ExposureHighAlarm</AlarmType>
              <Enabled>True</Enabled>
              <Latching>True</Latching>
              <Setpoint>100</Setpoint>
            </Alarm>
            <Alarm>
              <AlarmType>TWA</AlarmType>
              <Enabled>True</Enabled>
              <Latching>True</Latching>
              <Setpoint>30</Setpoint>
            </Alarm>
          </Alarms>
        </Sensor>
        <Sensor>
          <GasUnits>PercentLEL</GasUnits>
          <GasType>Methane</GasType>
          <Site>1</Site>
          <Enabled>True</Enabled>
          <Alarms>
            <Alarm>
              <AlarmType>ExposureLowAlarm</AlarmType>
              <Enabled>True</Enabled>
              <Latching>False</Latching>
              <Setpoint>0.5</Setpoint>
            </Alarm>
            <Alarm>
              <AlarmType>ExposureHighAlarm</AlarmType>
              <Enabled>True</Enabled>
              <Latching>True</Latching>
              <Setpoint>1</Setpoint>
            </Alarm>
          </Alarms>
        </Sensor>
        <Sensor>
          <GasUnits>PercentLEL</GasUnits>
          <GasType>H2S</GasType>
          <Site>4</Site>
          <Enabled>False</Enabled>
          <Alarms>
            <Alarm>
              <AlarmType>ExposureLowAlarm</AlarmType>
              <Enabled>True</Enabled>
              <Latching>False</Latching>
              <Setpoint>10</Setpoint>
            </Alarm>
            <Alarm>
              <AlarmType>ExposureHighAlarm</AlarmType>
              <Enabled>True</Enabled>
              <Latching>True</Latching>
              <Setpoint>15</Setpoint>
            </Alarm>
            <Alarm>
              <AlarmType>TWA</AlarmType>
              <Enabled>True</Enabled>
              <Latching>True</Latching>
              <Setpoint>10</Setpoint>
            </Alarm>
          </Alarms>
        </Sensor>
      </Sensors>
    </Instrument>
    <DatabaseEventTimestamp>
      <TimeStampLocalTime>1/8/2018 1:50:00 AM</TimeStampLocalTime>
      <TimeStampOrigin>1/8/2018 8:50:00 AM</TimeStampOrigin>
      <DateEnteredOrigin>1/8/2018 11:35:22 AM</DateEnteredOrigin>
      <TimeZoneOfOrigin>South Africa Standard Time</TimeZoneOfOrigin>
      <TimeStampUTC>1/8/2018 6:50:00 AM</TimeStampUTC>
      <DateEnteredUTC>1/8/2018 9:35:22 AM</DateEnteredUTC>
    </DatabaseEventTimestamp>
    <LastValidCalibration>12/9/2017 9:38:51 AM</LastValidCalibration>
    <BankName>Station 008</BankName>
    <Site>3</Site>
    <AlarmType>ExposurePeakAlarm</AlarmType>
    <AlarmValue>68.00000000</AlarmValue>
    <Data>
      <SingleSensorLog>
        <DashboardCalibrationSensorDetails>
          <TestType>Calibration</TestType>
          <FoundValue>1.2</FoundValue>
          <ExpectedValue>1.38</ExpectedValue>
          <TestResult>Passed</TestResult>
          <CylinderLot></CylinderLot>
          <CylinderPartNumber>0</CylinderPartNumber>
          <Site>1</Site>
          <GasUnit>PercentMethane</GasUnit>
          <Gas>Methane</Gas>
          <IsFailed>False</IsFailed>
          <Enabled>True</Enabled>
          <DatePerformedUtc>1/1/0001 12:00:00 AM</DatePerformedUtc>
        </DashboardCalibrationSensorDetails>
        <Readings>
          <SingleSensorRow>
            <DateOccurred>1/8/2018 8:48:45 AM</DateOccurred>
            <DateOccurredUtc>1/8/2018 6:48:45 AM</DateOccurredUtc>
            <Average>0</Average>
            <Peak>0</Peak>
            <Temperature>31</Temperature>
            <PidResponseFactor></PidResponseFactor>
            <PidShortGasName></PidShortGasName>
          </SingleSensorRow>
          <SingleSensorRow>
            <DateOccurred>1/8/2018 8:49:45 AM</DateOccurred>
            <DateOccurredUtc>1/8/2018 6:49:45 AM</DateOccurredUtc>
            <Average>0</Average>
            <Peak>0</Peak>
            <Temperature>31</Temperature>
            <PidResponseFactor></PidResponseFactor>
            <PidShortGasName></PidShortGasName>
          </SingleSensorRow>
          <SingleSensorRow>
            <DateOccurred>1/8/2018 8:50:45 AM</DateOccurred>
            <DateOccurredUtc>1/8/2018 6:50:45 AM</DateOccurredUtc>
            <Average>0</Average>
            <Peak>0</Peak>
            <Temperature>31</Temperature>
            <PidResponseFactor></PidResponseFactor>
            <PidShortGasName></PidShortGasName>
          </SingleSensorRow>
          <SingleSensorRow>
            <DateOccurred>1/8/2018 8:51:45 AM</DateOccurred>
            <DateOccurredUtc>1/8/2018 6:51:45 AM</DateOccurredUtc>
            <Average>0</Average>
            <Peak>0</Peak>
            <Temperature>31</Temperature>
            <PidResponseFactor></PidResponseFactor>
            <PidShortGasName></PidShortGasName>
          </SingleSensorRow>
          <SingleSensorRow>
            <DateOccurred>1/8/2018 8:52:45 AM</DateOccurred>
            <DateOccurredUtc>1/8/2018 6:52:45 AM</DateOccurredUtc>
            <Average>0</Average>
            <Peak>0</Peak>
            <Temperature>33</Temperature>
            <PidResponseFactor></PidResponseFactor>
            <PidShortGasName></PidShortGasName>
          </SingleSensorRow>
          <SingleSensorRow>
            <DateOccurred>1/8/2018 8:53:45 AM</DateOccurred>
            <DateOccurredUtc>1/8/2018 6:53:45 AM</DateOccurredUtc>
            <Average>0</Average>
            <Peak>0</Peak>
            <Temperature>33</Temperature>
            <PidResponseFactor></PidResponseFactor>
            <PidShortGasName></PidShortGasName>
          </SingleSensorRow>
          <SingleSensorRow>
            <DateOccurred>1/8/2018 8:54:45 AM</DateOccurred>
            <DateOccurredUtc>1/8/2018 6:54:45 AM</DateOccurredUtc>
            <Average>0</Average>
            <Peak>0</Peak>
            <Temperature>33</Temperature>
            <PidResponseFactor></PidResponseFactor>
            <PidShortGasName></PidShortGasName>
          </SingleSensorRow>
          <SingleSensorRow>
            <DateOccurred>1/8/2018 8:55:45 AM</DateOccurred>
            <DateOccurredUtc>1/8/2018 6:55:45 AM</DateOccurredUtc>
            <Average>0</Average>
            <Peak>0</Peak>
            <Temperature>33</Temperature>
            <PidResponseFactor></PidResponseFactor>
            <PidShortGasName></PidShortGasName>
          </SingleSensorRow>
          <SingleSensorRow>
            <DateOccurred>1/8/2018 8:56:45 AM</DateOccurred>
            <DateOccurredUtc>1/8/2018 6:56:45 AM</DateOccurredUtc>
            <Average>0</Average>
            <Peak>0</Peak>
            <Temperature>33</Temperature>
            <PidResponseFactor></PidResponseFactor>
            <PidShortGasName></PidShortGasName>
          </SingleSensorRow>
          <SingleSensorRow>
            <DateOccurred>1/8/2018 8:57:45 AM</DateOccurred>
            <DateOccurredUtc>1/8/2018 6:57:45 AM</DateOccurredUtc>
            <Average>0</Average>
            <Peak>0</Peak>
            <Temperature>33</Temperature>
            <PidResponseFactor></PidResponseFactor>
            <PidShortGasName></PidShortGasName>
          </SingleSensorRow>
          <SingleSensorRow>
            <DateOccurred>1/8/2018 8:58:45 AM</DateOccurred>
            <DateOccurredUtc>1/8/2018 6:58:45 AM</DateOccurredUtc>
            <Average>0</Average>
            <Peak>0</Peak>
            <Temperature>33</Temperature>
            <PidResponseFactor></PidResponseFactor>
            <PidShortGasName></PidShortGasName>
          </SingleSensorRow>
          <SingleSensorRow>
            <DateOccurred>1/8/2018 8:59:45 AM</DateOccurred>
            <DateOccurredUtc>1/8/2018 6:59:45 AM</DateOccurredUtc>
            <Average>0</Average>
            <Peak>0</Peak>
            <Temperature>33</Temperature>
            <PidResponseFactor></PidResponseFactor>
            <PidShortGasName></PidShortGasName>
          </SingleSensorRow>
          <SingleSensorRow>
            <DateOccurred>1/8/2018 9:00:45 AM</DateOccurred>
            <DateOccurredUtc>1/8/2018 7:00:45 AM</DateOccurredUtc>
            <Average>0</Average>
            <Peak>0</Peak>
            <Temperature>33</Temperature>
            <PidResponseFactor></PidResponseFactor>
            <PidShortGasName></PidShortGasName>
          </SingleSensorRow>
          <SingleSensorRow>
            <DateOccurred>1/8/2018 9:01:45 AM</DateOccurred>
            <DateOccurredUtc>1/8/2018 7:01:45 AM</DateOccurredUtc>
            <Average>0</Average>
            <Peak>0</Peak>
            <Temperature>33</Temperature>
            <PidResponseFactor></PidResponseFactor>
            <PidShortGasName></PidShortGasName>
          </SingleSensorRow>
          <SingleSensorRow>
            <DateOccurred>1/8/2018 9:02:45 AM</DateOccurred>
            <DateOccurredUtc>1/8/2018 7:02:45 AM</DateOccurredUtc>
            <Average>0</Average>
            <Peak>0</Peak>
            <Temperature>33</Temperature>
            <PidResponseFactor></PidResponseFactor>
            <PidShortGasName></PidShortGasName>
          </SingleSensorRow>
          <SingleSensorRow>
            <DateOccurred>1/8/2018 9:03:45 AM</DateOccurred>
            <DateOccurredUtc>1/8/2018 7:03:45 AM</DateOccurredUtc>
            <Average>0</Average>
            <Peak>0</Peak>
            <Temperature>33</Temperature>
            <PidResponseFactor></PidResponseFactor>
            <PidShortGasName></PidShortGasName>
          </SingleSensorRow>
          <SingleSensorRow>
            <DateOccurred>1/8/2018 9:04:45 AM</DateOccurred>
            <DateOccurredUtc>1/8/2018 7:04:45 AM</DateOccurredUtc>
            <Average>0</Average>
            <Peak>0</Peak>
            <Temperature>33</Temperature>
            <PidResponseFactor></PidResponseFactor>
            <PidShortGasName></PidShortGasName>
          </SingleSensorRow>
        </Readings>
      </SingleSensorLog>
      <SingleSensorLog>
        <DashboardCalibrationSensorDetails>
          <TestType>Calibration</TestType>
          <FoundValue>175</FoundValue>
          <ExpectedValue>173</ExpectedValue>
          <TestResult>Passed</TestResult>
          <CylinderLot></CylinderLot>
          <CylinderPartNumber>0</CylinderPartNumber>
          <Site>3</Site>
          <GasUnit>PPM</GasUnit>
          <Gas>CO</Gas>
          <IsFailed>False</IsFailed>
          <Enabled>True</Enabled>
          <DatePerformedUtc>1/1/0001 12:00:00 AM</DatePerformedUtc>
        </DashboardCalibrationSensorDetails>
        <Readings>
          <SingleSensorRow>
            <DateOccurred>1/8/2018 8:48:45 AM</DateOccurred>
            <DateOccurredUtc>1/8/2018 6:48:45 AM</DateOccurredUtc>
            <Average>0</Average>
            <Peak>0</Peak>
            <Temperature>31</Temperature>
            <PidResponseFactor></PidResponseFactor>
            <PidShortGasName></PidShortGasName>
          </SingleSensorRow>
          <SingleSensorRow>
            <DateOccurred>1/8/2018 8:49:45 AM</DateOccurred>
            <DateOccurredUtc>1/8/2018 6:49:45 AM</DateOccurredUtc>
            <Average>0</Average>
            <Peak>1</Peak>
            <Temperature>31</Temperature>
            <PidResponseFactor></PidResponseFactor>
            <PidShortGasName></PidShortGasName>
          </SingleSensorRow>
          <SingleSensorRow>
            <DateOccurred>1/8/2018 8:50:45 AM</DateOccurred>
            <DateOccurredUtc>1/8/2018 6:50:45 AM</DateOccurredUtc>
            <Average>79</Average>
            <Peak>244</Peak>
            <Temperature>31</Temperature>
            <PidResponseFactor></PidResponseFactor>
            <PidShortGasName></PidShortGasName>
          </SingleSensorRow>
          <SingleSensorRow>
            <DateOccurred>1/8/2018 8:51:45 AM</DateOccurred>
            <DateOccurredUtc>1/8/2018 6:51:45 AM</DateOccurredUtc>
            <Average>13</Average>
            <Peak>80</Peak>
            <Temperature>31</Temperature>
            <PidResponseFactor></PidResponseFactor>
            <PidShortGasName></PidShortGasName>
          </SingleSensorRow>
          <SingleSensorRow>
            <DateOccurred>1/8/2018 8:52:45 AM</DateOccurred>
            <DateOccurredUtc>1/8/2018 6:52:45 AM</DateOccurredUtc>
            <Average>86</Average>
            <Peak>219</Peak>
            <Temperature>33</Temperature>
            <PidResponseFactor></PidResponseFactor>
            <PidShortGasName></PidShortGasName>
          </SingleSensorRow>
          <SingleSensorRow>
            <DateOccurred>1/8/2018 8:53:45 AM</DateOccurred>
            <DateOccurredUtc>1/8/2018 6:53:45 AM</DateOccurredUtc>
            <Average>97</Average>
            <Peak>192</Peak>
            <Temperature>33</Temperature>
            <PidResponseFactor></PidResponseFactor>
            <PidShortGasName></PidShortGasName>
          </SingleSensorRow>
          <SingleSensorRow>
            <DateOccurred>1/8/2018 8:54:45 AM</DateOccurred>
            <DateOccurredUtc>1/8/2018 6:54:45 AM</DateOccurredUtc>
            <Average>70</Average>
            <Peak>110</Peak>
            <Temperature>33</Temperature>
            <PidResponseFactor></PidResponseFactor>
            <PidShortGasName></PidShortGasName>
          </SingleSensorRow>
          <SingleSensorRow>
            <DateOccurred>1/8/2018 8:55:45 AM</DateOccurred>
            <DateOccurredUtc>1/8/2018 6:55:45 AM</DateOccurredUtc>
            <Average>98</Average>
            <Peak>143</Peak>
            <Temperature>33</Temperature>
            <PidResponseFactor></PidResponseFactor>
            <PidShortGasName></PidShortGasName>
          </SingleSensorRow>
          <SingleSensorRow>
            <DateOccurred>1/8/2018 8:56:45 AM</DateOccurred>
            <DateOccurredUtc>1/8/2018 6:56:45 AM</DateOccurredUtc>
            <Average>101</Average>
            <Peak>212</Peak>
            <Temperature>33</Temperature>
            <PidResponseFactor></PidResponseFactor>
            <PidShortGasName></PidShortGasName>
          </SingleSensorRow>
          <SingleSensorRow>
            <DateOccurred>1/8/2018 8:57:45 AM</DateOccurred>
            <DateOccurredUtc>1/8/2018 6:57:45 AM</DateOccurredUtc>
            <Average>15</Average>
            <Peak>25</Peak>
            <Temperature>33</Temperature>
            <PidResponseFactor></PidResponseFactor>
            <PidShortGasName></PidShortGasName>
          </SingleSensorRow>
          <SingleSensorRow>
            <DateOccurred>1/8/2018 8:58:45 AM</DateOccurred>
            <DateOccurredUtc>1/8/2018 6:58:45 AM</DateOccurredUtc>
            <Average>7</Average>
            <Peak>13</Peak>
            <Temperature>33</Temperature>
            <PidResponseFactor></PidResponseFactor>
            <PidShortGasName></PidShortGasName>
          </SingleSensorRow>
          <SingleSensorRow>
            <DateOccurred>1/8/2018 8:59:45 AM</DateOccurred>
            <DateOccurredUtc>1/8/2018 6:59:45 AM</DateOccurredUtc>
            <Average>7</Average>
            <Peak>9</Peak>
            <Temperature>33</Temperature>
            <PidResponseFactor></PidResponseFactor>
            <PidShortGasName></PidShortGasName>
          </SingleSensorRow>
          <SingleSensorRow>
            <DateOccurred>1/8/2018 9:00:45 AM</DateOccurred>
            <DateOccurredUtc>1/8/2018 7:00:45 AM</DateOccurredUtc>
            <Average>7</Average>
            <Peak>9</Peak>
            <Temperature>33</Temperature>
            <PidResponseFactor></PidResponseFactor>
            <PidShortGasName></PidShortGasName>
          </SingleSensorRow>
          <SingleSensorRow>
            <DateOccurred>1/8/2018 9:01:45 AM</DateOccurred>
            <DateOccurredUtc>1/8/2018 7:01:45 AM</DateOccurredUtc>
            <Average>7</Average>
            <Peak>9</Peak>
            <Temperature>33</Temperature>
            <PidResponseFactor></PidResponseFactor>
            <PidShortGasName></PidShortGasName>
          </SingleSensorRow>
          <SingleSensorRow>
            <DateOccurred>1/8/2018 9:02:45 AM</DateOccurred>
            <DateOccurredUtc>1/8/2018 7:02:45 AM</DateOccurredUtc>
            <Average>5</Average>
            <Peak>11</Peak>
            <Temperature>33</Temperature>
            <PidResponseFactor></PidResponseFactor>
            <PidShortGasName></PidShortGasName>
          </SingleSensorRow>
          <SingleSensorRow>
            <DateOccurred>1/8/2018 9:03:45 AM</DateOccurred>
            <DateOccurredUtc>1/8/2018 7:03:45 AM</DateOccurredUtc>
            <Average>0</Average>
            <Peak>1</Peak>
            <Temperature>33</Temperature>
            <PidResponseFactor></PidResponseFactor>
            <PidShortGasName></PidShortGasName>
          </SingleSensorRow>
          <SingleSensorRow>
            <DateOccurred>1/8/2018 9:04:45 AM</DateOccurred>
            <DateOccurredUtc>1/8/2018 7:04:45 AM</DateOccurredUtc>
            <Average>1</Average>
            <Peak>4</Peak>
            <Temperature>33</Temperature>
            <PidResponseFactor></PidResponseFactor>
            <PidShortGasName></PidShortGasName>
          </SingleSensorRow>
        </Readings>
      </SingleSensorLog>
      <SingleSensorLog>
        <DashboardCalibrationSensorDetails>
          <TestType>None</TestType>
          <FoundValue></FoundValue>
          <ExpectedValue></ExpectedValue>
          <TestResult>NotTested</TestResult>
          <CylinderLot></CylinderLot>
          <CylinderPartNumber></CylinderPartNumber>
          <Site>4</Site>
          <GasUnit>PPM</GasUnit>
          <Gas>H2S</Gas>
          <IsFailed>False</IsFailed>
          <Enabled>False</Enabled>
          <DatePerformedUtc>1/1/0001 12:00:00 AM</DatePerformedUtc>
        </DashboardCalibrationSensorDetails>
        <Readings>
          <SingleSensorRow>
            <DateOccurred>1/8/2018 8:48:45 AM</DateOccurred>
            <DateOccurredUtc>1/8/2018 6:48:45 AM</DateOccurredUtc>
            <Average>0</Average>
            <Peak>0</Peak>
            <Temperature>31</Temperature>
            <PidResponseFactor></PidResponseFactor>
            <PidShortGasName></PidShortGasName>
          </SingleSensorRow>
          <SingleSensorRow>
            <DateOccurred>1/8/2018 8:49:45 AM</DateOccurred>
            <DateOccurredUtc>1/8/2018 6:49:45 AM</DateOccurredUtc>
            <Average>0</Average>
            <Peak>0</Peak>
            <Temperature>31</Temperature>
            <PidResponseFactor></PidResponseFactor>
            <PidShortGasName></PidShortGasName>
          </SingleSensorRow>
          <SingleSensorRow>
            <DateOccurred>1/8/2018 8:50:45 AM</DateOccurred>
            <DateOccurredUtc>1/8/2018 6:50:45 AM</DateOccurredUtc>
            <Average>0</Average>
            <Peak>0</Peak>
            <Temperature>31</Temperature>
            <PidResponseFactor></PidResponseFactor>
            <PidShortGasName></PidShortGasName>
          </SingleSensorRow>
          <SingleSensorRow>
            <DateOccurred>1/8/2018 8:51:45 AM</DateOccurred>
            <DateOccurredUtc>1/8/2018 6:51:45 AM</DateOccurredUtc>
            <Average>0</Average>
            <Peak>0</Peak>
            <Temperature>31</Temperature>
            <PidResponseFactor></PidResponseFactor>
            <PidShortGasName></PidShortGasName>
          </SingleSensorRow>
          <SingleSensorRow>
            <DateOccurred>1/8/2018 8:52:45 AM</DateOccurred>
            <DateOccurredUtc>1/8/2018 6:52:45 AM</DateOccurredUtc>
            <Average>0</Average>
            <Peak>0</Peak>
            <Temperature>33</Temperature>
            <PidResponseFactor></PidResponseFactor>
            <PidShortGasName></PidShortGasName>
          </SingleSensorRow>
          <SingleSensorRow>
            <DateOccurred>1/8/2018 8:53:45 AM</DateOccurred>
            <DateOccurredUtc>1/8/2018 6:53:45 AM</DateOccurredUtc>
            <Average>0</Average>
            <Peak>0</Peak>
            <Temperature>33</Temperature>
            <PidResponseFactor></PidResponseFactor>
            <PidShortGasName></PidShortGasName>
          </SingleSensorRow>
          <SingleSensorRow>
            <DateOccurred>1/8/2018 8:54:45 AM</DateOccurred>
            <DateOccurredUtc>1/8/2018 6:54:45 AM</DateOccurredUtc>
            <Average>0</Average>
            <Peak>0</Peak>
            <Temperature>33</Temperature>
            <PidResponseFactor></PidResponseFactor>
            <PidShortGasName></PidShortGasName>
          </SingleSensorRow>
          <SingleSensorRow>
            <DateOccurred>1/8/2018 8:55:45 AM</DateOccurred>
            <DateOccurredUtc>1/8/2018 6:55:45 AM</DateOccurredUtc>
            <Average>0</Average>
            <Peak>0</Peak>
            <Temperature>33</Temperature>
            <PidResponseFactor></PidResponseFactor>
            <PidShortGasName></PidShortGasName>
          </SingleSensorRow>
          <SingleSensorRow>
            <DateOccurred>1/8/2018 8:56:45 AM</DateOccurred>
            <DateOccurredUtc>1/8/2018 6:56:45 AM</DateOccurredUtc>
            <Average>0</Average>
            <Peak>0</Peak>
            <Temperature>33</Temperature>
            <PidResponseFactor></PidResponseFactor>
            <PidShortGasName></PidShortGasName>
          </SingleSensorRow>
          <SingleSensorRow>
            <DateOccurred>1/8/2018 8:57:45 AM</DateOccurred>
            <DateOccurredUtc>1/8/2018 6:57:45 AM</DateOccurredUtc>
            <Average>0</Average>
            <Peak>0</Peak>
            <Temperature>33</Temperature>
            <PidResponseFactor></PidResponseFactor>
            <PidShortGasName></PidShortGasName>
          </SingleSensorRow>
          <SingleSensorRow>
            <DateOccurred>1/8/2018 8:58:45 AM</DateOccurred>
            <DateOccurredUtc>1/8/2018 6:58:45 AM</DateOccurredUtc>
            <Average>0</Average>
            <Peak>0</Peak>
            <Temperature>33</Temperature>
            <PidResponseFactor></PidResponseFactor>
            <PidShortGasName></PidShortGasName>
          </SingleSensorRow>
          <SingleSensorRow>
            <DateOccurred>1/8/2018 8:59:45 AM</DateOccurred>
            <DateOccurredUtc>1/8/2018 6:59:45 AM</DateOccurredUtc>
            <Average>0</Average>
            <Peak>0</Peak>
            <Temperature>33</Temperature>
            <PidResponseFactor></PidResponseFactor>
            <PidShortGasName></PidShortGasName>
          </SingleSensorRow>
          <SingleSensorRow>
            <DateOccurred>1/8/2018 9:00:45 AM</DateOccurred>
            <DateOccurredUtc>1/8/2018 7:00:45 AM</DateOccurredUtc>
            <Average>0</Average>
            <Peak>0</Peak>
            <Temperature>33</Temperature>
            <PidResponseFactor></PidResponseFactor>
            <PidShortGasName></PidShortGasName>
          </SingleSensorRow>
          <SingleSensorRow>
            <DateOccurred>1/8/2018 9:01:45 AM</DateOccurred>
            <DateOccurredUtc>1/8/2018 7:01:45 AM</DateOccurredUtc>
            <Average>0</Average>
            <Peak>0</Peak>
            <Temperature>33</Temperature>
            <PidResponseFactor></PidResponseFactor>
            <PidShortGasName></PidShortGasName>
          </SingleSensorRow>
          <SingleSensorRow>
            <DateOccurred>1/8/2018 9:02:45 AM</DateOccurred>
            <DateOccurredUtc>1/8/2018 7:02:45 AM</DateOccurredUtc>
            <Average>0</Average>
            <Peak>0</Peak>
            <Temperature>33</Temperature>
            <PidResponseFactor></PidResponseFactor>
            <PidShortGasName></PidShortGasName>
          </SingleSensorRow>
          <SingleSensorRow>
            <DateOccurred>1/8/2018 9:03:45 AM</DateOccurred>
            <DateOccurredUtc>1/8/2018 7:03:45 AM</DateOccurredUtc>
            <Average>0</Average>
            <Peak>0</Peak>
            <Temperature>33</Temperature>
            <PidResponseFactor></PidResponseFactor>
            <PidShortGasName></PidShortGasName>
          </SingleSensorRow>
          <SingleSensorRow>
            <DateOccurred>1/8/2018 9:04:45 AM</DateOccurred>
            <DateOccurredUtc>1/8/2018 7:04:45 AM</DateOccurredUtc>
            <Average>0</Average>
            <Peak>0</Peak>
            <Temperature>33</Temperature>
            <PidResponseFactor></PidResponseFactor>
            <PidShortGasName></PidShortGasName>
          </SingleSensorRow>
        </Readings>
      </SingleSensorLog>
    </Data>
  </SessionAlarmDetails>
</Report>