<Report>
  <SessionAlarmDetails>
    <Instrument>
      <Type>Altair4X</Type>
      <UserName></UserName>
      <Company></Company>
      <Department></Department>
      <SerialNumber>0</SerialNumber>
      <AverageEnable>True</AverageEnable>
      <PeakEnable>True</PeakEnable>
      <DatalogEnable>True</DatalogEnable>
      <AverageInterval>0</AverageInterval>
      <AudioAlarmEnable>True</AudioAlarmEnable>
      <LedAlarmEnable>True</LedAlarmEnable>
      <VibratingAlarmEnable>True</VibratingAlarmEnable>
      <ManDownAlarmEnable>False</ManDownAlarmEnable>
      <CalibrationInterval>30</CalibrationInterval>
      <BumpInterval>0</BumpInterval>
      <TimeZone>South Africa Standard Time</TimeZone>
      <DaylightSavingsEnable>False</DaylightSavingsEnable>
      <Sensors>
        <Sensor>
          <GasUnits>PercentLEL</GasUnits>
          <GasType>CO</GasType>
          <Site>3</Site>
          <Enabled>True</Enabled>
          <Alarms>
            <Alarm>
              <AlarmType>ExposureLowAlarm</AlarmType>
              <Enabled>True</Enabled>
              <Latching>False</Latching>
              <Setpoint>50</Setpoint>
            </Alarm>
            <Alarm>
              <AlarmType>ExposureHighAlarm</AlarmType>
              <Enabled>True</Enabled>
              <Latching>True</Latching>
              <Setpoint>100</Setpoint>
            </Alarm>
            <Alarm>
              <AlarmType>TWA</AlarmType>
              <Enabled>True</Enabled>
              <Latching>True</Latching>
              <Setpoint>30</Setpoint>
            </Alarm>
          </Alarms>
        </Sensor>
        <Sensor>
          <GasUnits>PercentLEL</GasUnits>
          <GasType>Methane</GasType>
          <Site>1</Site>
          <Enabled>True</Enabled>
          <Alarms>
            <Alarm>
              <AlarmType>ExposureLowAlarm</AlarmType>
              <Enabled>True</Enabled>
              <Latching>False</Latching>
              <Setpoint>0.5</Setpoint>
            </Alarm>
            <Alarm>
              <AlarmType>ExposureHighAlarm</AlarmType>
              <Enabled>True</Enabled>
              <Latching>True</Latching>
              <Setpoint>1</Setpoint>
            </Alarm>
          </Alarms>
        </Sensor>
        <Sensor>
          <GasUnits>PercentLEL</GasUnits>
          <GasType>H2S</GasType>
          <Site>4</Site>
          <Enabled>False</Enabled>
          <Alarms>
            <Alarm>
              <AlarmType>ExposureLowAlarm</AlarmType>
              <Enabled>True</Enabled>
              <Latching>False</Latching>
              <Setpoint>10</Setpoint>
            </Alarm>
            <Alarm>
              <AlarmType>ExposureHighAlarm</AlarmType>
              <Enabled>True</Enabled>
              <Latching>True</Latching>
              <Setpoint>15</Setpoint>
            </Alarm>
            <Alarm>
              <AlarmType>TWA</AlarmType>
              <Enabled>True</Enabled>
              <Latching>True</Latching>
              <Setpoint>10</Setpoint>
            </Alarm>
          </Alarms>
        </Sensor>
      </Sensors>
    </Instrument>
    <DatabaseEventTimestamp>
      <TimeStampLocalTime>1/9/2018 12:15:00 PM</TimeStampLocalTime>
      <TimeStampOrigin>1/9/2018 7:15:00 PM</TimeStampOrigin>
      <DateEnteredOrigin>1/15/2018 12:29:38 PM</DateEnteredOrigin>
      <TimeZoneOfOrigin>South Africa Standard Time</TimeZoneOfOrigin>
      <TimeStampUTC>1/9/2018 5:15:00 PM</TimeStampUTC>
      <DateEnteredUTC>1/15/2018 10:29:38 AM</DateEnteredUTC>
    </DatabaseEventTimestamp>
    <LastValidCalibration>12/9/2017 9:24:53 AM</LastValidCalibration>
    <BankName>Station 004</BankName>
    <Site>3</Site>
    <AlarmType>ExposurePeakAlarm</AlarmType>
    <AlarmValue>1120.00000000</AlarmValue>
    <Data>
      <SingleSensorLog>
        <DashboardCalibrationSensorDetails>
          <TestType>Calibration</TestType>
          <FoundValue>1.25</FoundValue>
          <ExpectedValue>1.38</ExpectedValue>
          <TestResult>Passed</TestResult>
          <CylinderLot></CylinderLot>
          <CylinderPartNumber>0</CylinderPartNumber>
          <Site>1</Site>
          <GasUnit>PercentMethane</GasUnit>
          <Gas>Methane</Gas>
          <IsFailed>False</IsFailed>
          <Enabled>True</Enabled>
          <DatePerformedUtc>1/1/0001 12:00:00 AM</DatePerformedUtc>
        </DashboardCalibrationSensorDetails>
        <Readings>
          <SingleSensorRow>
            <DateOccurred>1/9/2018 7:11:30 PM</DateOccurred>
            <DateOccurredUtc>1/9/2018 5:11:30 PM</DateOccurredUtc>
            <Average>0</Average>
            <Peak>0</Peak>
            <Temperature>31</Temperature>
            <PidResponseFactor></PidResponseFactor>
            <PidShortGasName></PidShortGasName>
          </SingleSensorRow>
          <SingleSensorRow>
            <DateOccurred>1/9/2018 7:12:30 PM</DateOccurred>
            <DateOccurredUtc>1/9/2018 5:12:30 PM</DateOccurredUtc>
            <Average>0</Average>
            <Peak>0</Peak>
            <Temperature>31</Temperature>
            <PidResponseFactor></PidResponseFactor>
            <PidShortGasName></PidShortGasName>
          </SingleSensorRow>
          <SingleSensorRow>
            <DateOccurred>1/9/2018 7:13:30 PM</DateOccurred>
            <DateOccurredUtc>1/9/2018 5:13:30 PM</DateOccurredUtc>
            <Average>0</Average>
            <Peak>0</Peak>
            <Temperature>31</Temperature>
            <PidResponseFactor></PidResponseFactor>
            <PidShortGasName></PidShortGasName>
          </SingleSensorRow>
          <SingleSensorRow>
            <DateOccurred>1/9/2018 7:14:30 PM</DateOccurred>
            <DateOccurredUtc>1/9/2018 5:14:30 PM</DateOccurredUtc>
            <Average>0.100000001490116</Average>
            <Peak>0.300000011920929</Peak>
            <Temperature>31</Temperature>
            <PidResponseFactor></PidResponseFactor>
            <PidShortGasName></PidShortGasName>
          </SingleSensorRow>
          <SingleSensorRow>
            <DateOccurred>1/9/2018 7:15:30 PM</DateOccurred>
            <DateOccurredUtc>1/9/2018 5:15:30 PM</DateOccurredUtc>
            <Average>0.300000011920929</Average>
            <Peak>0.349999994039536</Peak>
            <Temperature>31</Temperature>
            <PidResponseFactor></PidResponseFactor>
            <PidShortGasName></PidShortGasName>
          </SingleSensorRow>
          <SingleSensorRow>
            <DateOccurred>1/9/2018 7:16:30 PM</DateOccurred>
            <DateOccurredUtc>1/9/2018 5:16:30 PM</DateOccurredUtc>
            <Average>0.300000011920929</Average>
            <Peak>0.349999994039536</Peak>
            <Temperature>31</Temperature>
            <PidResponseFactor></PidResponseFactor>
            <PidShortGasName></PidShortGasName>
          </SingleSensorRow>
          <SingleSensorRow>
            <DateOccurred>1/9/2018 7:17:30 PM</DateOccurred>
            <DateOccurredUtc>1/9/2018 5:17:30 PM</DateOccurredUtc>
            <Average>0.200000002980232</Average>
            <Peak>0.300000011920929</Peak>
            <Temperature>31</Temperature>
            <PidResponseFactor></PidResponseFactor>
            <PidShortGasName></PidShortGasName>
          </SingleSensorRow>
          <SingleSensorRow>
            <DateOccurred>1/9/2018 7:18:30 PM</DateOccurred>
            <DateOccurredUtc>1/9/2018 5:18:30 PM</DateOccurredUtc>
            <Average>0.100000001490116</Average>
            <Peak>0.200000002980232</Peak>
            <Temperature>31</Temperature>
            <PidResponseFactor></PidResponseFactor>
            <PidShortGasName></PidShortGasName>
          </SingleSensorRow>
          <SingleSensorRow>
            <DateOccurred>1/9/2018 7:19:30 PM</DateOccurred>
            <DateOccurredUtc>1/9/2018 5:19:30 PM</DateOccurredUtc>
            <Average>0</Average>
            <Peak>0.100000001490116</Peak>
            <Temperature>31</Temperature>
            <PidResponseFactor></PidResponseFactor>
            <PidShortGasName></PidShortGasName>
          </SingleSensorRow>
          <SingleSensorRow>
            <DateOccurred>1/9/2018 7:20:30 PM</DateOccurred>
            <DateOccurredUtc>1/9/2018 5:20:30 PM</DateOccurredUtc>
            <Average>0</Average>
            <Peak>0</Peak>
            <Temperature>31</Temperature>
            <PidResponseFactor></PidResponseFactor>
            <PidShortGasName></PidShortGasName>
          </SingleSensorRow>
          <SingleSensorRow>
            <DateOccurred>1/9/2018 7:21:30 PM</DateOccurred>
            <DateOccurredUtc>1/9/2018 5:21:30 PM</DateOccurredUtc>
            <Average>0</Average>
            <Peak>0</Peak>
            <Temperature>31</Temperature>
            <PidResponseFactor></PidResponseFactor>
            <PidShortGasName></PidShortGasName>
          </SingleSensorRow>
          <SingleSensorRow>
            <DateOccurred>1/9/2018 7:22:30 PM</DateOccurred>
            <DateOccurredUtc>1/9/2018 5:22:30 PM</DateOccurredUtc>
            <Average>0</Average>
            <Peak>0</Peak>
            <Temperature>31</Temperature>
            <PidResponseFactor></PidResponseFactor>
            <PidShortGasName></PidShortGasName>
          </SingleSensorRow>
          <SingleSensorRow>
            <DateOccurred>1/9/2018 7:23:30 PM</DateOccurred>
            <DateOccurredUtc>1/9/2018 5:23:30 PM</DateOccurredUtc>
            <Average>0</Average>
            <Peak>0</Peak>
            <Temperature>31</Temperature>
            <PidResponseFactor></PidResponseFactor>
            <PidShortGasName></PidShortGasName>
          </SingleSensorRow>
          <SingleSensorRow>
            <DateOccurred>1/9/2018 7:24:30 PM</DateOccurred>
            <DateOccurredUtc>1/9/2018 5:24:30 PM</DateOccurredUtc>
            <Average>0</Average>
            <Peak>0</Peak>
            <Temperature>31</Temperature>
            <PidResponseFactor></PidResponseFactor>
            <PidShortGasName></PidShortGasName>
          </SingleSensorRow>
          <SingleSensorRow>
            <DateOccurred>1/9/2018 7:25:30 PM</DateOccurred>
            <DateOccurredUtc>1/9/2018 5:25:30 PM</DateOccurredUtc>
            <Average>0</Average>
            <Peak>0</Peak>
            <Temperature>31</Temperature>
            <PidResponseFactor></PidResponseFactor>
            <PidShortGasName></PidShortGasName>
          </SingleSensorRow>
          <SingleSensorRow>
            <DateOccurred>1/9/2018 7:26:30 PM</DateOccurred>
            <DateOccurredUtc>1/9/2018 5:26:30 PM</DateOccurredUtc>
            <Average>0</Average>
            <Peak>0</Peak>
            <Temperature>31</Temperature>
            <PidResponseFactor></PidResponseFactor>
            <PidShortGasName></PidShortGasName>
          </SingleSensorRow>
          <SingleSensorRow>
            <DateOccurred>1/9/2018 7:27:30 PM</DateOccurred>
            <DateOccurredUtc>1/9/2018 5:27:30 PM</DateOccurredUtc>
            <Average>0</Average>
            <Peak>0</Peak>
            <Temperature>34</Temperature>
            <PidResponseFactor></PidResponseFactor>
            <PidShortGasName></PidShortGasName>
          </SingleSensorRow>
        </Readings>
      </SingleSensorLog>
      <SingleSensorLog>
        <DashboardCalibrationSensorDetails>
          <TestType>Calibration</TestType>
          <FoundValue>182</FoundValue>
          <ExpectedValue>173</ExpectedValue>
          <TestResult>Passed</TestResult>
          <CylinderLot></CylinderLot>
          <CylinderPartNumber>0</CylinderPartNumber>
          <Site>3</Site>
          <GasUnit>PPM</GasUnit>
          <Gas>CO</Gas>
          <IsFailed>False</IsFailed>
          <Enabled>True</Enabled>
          <DatePerformedUtc>1/1/0001 12:00:00 AM</DatePerformedUtc>
        </DashboardCalibrationSensorDetails>
        <Readings>
          <SingleSensorRow>
            <DateOccurred>1/9/2018 7:11:30 PM</DateOccurred>
            <DateOccurredUtc>1/9/2018 5:11:30 PM</DateOccurredUtc>
            <Average>0</Average>
            <Peak>0</Peak>
            <Temperature>31</Temperature>
            <PidResponseFactor></PidResponseFactor>
            <PidShortGasName></PidShortGasName>
          </SingleSensorRow>
          <SingleSensorRow>
            <DateOccurred>1/9/2018 7:12:30 PM</DateOccurred>
            <DateOccurredUtc>1/9/2018 5:12:30 PM</DateOccurredUtc>
            <Average>0</Average>
            <Peak>0</Peak>
            <Temperature>31</Temperature>
            <PidResponseFactor></PidResponseFactor>
            <PidShortGasName></PidShortGasName>
          </SingleSensorRow>
          <SingleSensorRow>
            <DateOccurred>1/9/2018 7:13:30 PM</DateOccurred>
            <DateOccurredUtc>1/9/2018 5:13:30 PM</DateOccurredUtc>
            <Average>4</Average>
            <Peak>65</Peak>
            <Temperature>31</Temperature>
            <PidResponseFactor></PidResponseFactor>
            <PidShortGasName></PidShortGasName>
          </SingleSensorRow>
          <SingleSensorRow>
            <DateOccurred>1/9/2018 7:14:30 PM</DateOccurred>
            <DateOccurredUtc>1/9/2018 5:14:30 PM</DateOccurredUtc>
            <Average>410</Average>
            <Peak>747</Peak>
            <Temperature>31</Temperature>
            <PidResponseFactor></PidResponseFactor>
            <PidShortGasName></PidShortGasName>
          </SingleSensorRow>
          <SingleSensorRow>
            <DateOccurred>1/9/2018 7:15:30 PM</DateOccurred>
            <DateOccurredUtc>1/9/2018 5:15:30 PM</DateOccurredUtc>
            <Average>995</Average>
            <Peak>1109</Peak>
            <Temperature>31</Temperature>
            <PidResponseFactor></PidResponseFactor>
            <PidShortGasName></PidShortGasName>
          </SingleSensorRow>
          <SingleSensorRow>
            <DateOccurred>1/9/2018 7:16:30 PM</DateOccurred>
            <DateOccurredUtc>1/9/2018 5:16:30 PM</DateOccurredUtc>
            <Average>1079</Average>
            <Peak>1120</Peak>
            <Temperature>31</Temperature>
            <PidResponseFactor></PidResponseFactor>
            <PidShortGasName></PidShortGasName>
          </SingleSensorRow>
          <SingleSensorRow>
            <DateOccurred>1/9/2018 7:17:30 PM</DateOccurred>
            <DateOccurredUtc>1/9/2018 5:17:30 PM</DateOccurredUtc>
            <Average>789</Average>
            <Peak>974</Peak>
            <Temperature>31</Temperature>
            <PidResponseFactor></PidResponseFactor>
            <PidShortGasName></PidShortGasName>
          </SingleSensorRow>
          <SingleSensorRow>
            <DateOccurred>1/9/2018 7:18:30 PM</DateOccurred>
            <DateOccurredUtc>1/9/2018 5:18:30 PM</DateOccurredUtc>
            <Average>448</Average>
            <Peak>594</Peak>
            <Temperature>31</Temperature>
            <PidResponseFactor></PidResponseFactor>
            <PidShortGasName></PidShortGasName>
          </SingleSensorRow>
          <SingleSensorRow>
            <DateOccurred>1/9/2018 7:19:30 PM</DateOccurred>
            <DateOccurredUtc>1/9/2018 5:19:30 PM</DateOccurredUtc>
            <Average>247</Average>
            <Peak>316</Peak>
            <Temperature>31</Temperature>
            <PidResponseFactor></PidResponseFactor>
            <PidShortGasName></PidShortGasName>
          </SingleSensorRow>
          <SingleSensorRow>
            <DateOccurred>1/9/2018 7:20:30 PM</DateOccurred>
            <DateOccurredUtc>1/9/2018 5:20:30 PM</DateOccurredUtc>
            <Average>151</Average>
            <Peak>193</Peak>
            <Temperature>31</Temperature>
            <PidResponseFactor></PidResponseFactor>
            <PidShortGasName></PidShortGasName>
          </SingleSensorRow>
          <SingleSensorRow>
            <DateOccurred>1/9/2018 7:21:30 PM</DateOccurred>
            <DateOccurredUtc>1/9/2018 5:21:30 PM</DateOccurredUtc>
            <Average>103</Average>
            <Peak>122</Peak>
            <Temperature>31</Temperature>
            <PidResponseFactor></PidResponseFactor>
            <PidShortGasName></PidShortGasName>
          </SingleSensorRow>
          <SingleSensorRow>
            <DateOccurred>1/9/2018 7:22:30 PM</DateOccurred>
            <DateOccurredUtc>1/9/2018 5:22:30 PM</DateOccurredUtc>
            <Average>77</Average>
            <Peak>88</Peak>
            <Temperature>31</Temperature>
            <PidResponseFactor></PidResponseFactor>
            <PidShortGasName></PidShortGasName>
          </SingleSensorRow>
          <SingleSensorRow>
            <DateOccurred>1/9/2018 7:23:30 PM</DateOccurred>
            <DateOccurredUtc>1/9/2018 5:23:30 PM</DateOccurredUtc>
            <Average>60</Average>
            <Peak>68</Peak>
            <Temperature>31</Temperature>
            <PidResponseFactor></PidResponseFactor>
            <PidShortGasName></PidShortGasName>
          </SingleSensorRow>
          <SingleSensorRow>
            <DateOccurred>1/9/2018 7:24:30 PM</DateOccurred>
            <DateOccurredUtc>1/9/2018 5:24:30 PM</DateOccurredUtc>
            <Average>50</Average>
            <Peak>55</Peak>
            <Temperature>31</Temperature>
            <PidResponseFactor></PidResponseFactor>
            <PidShortGasName></PidShortGasName>
          </SingleSensorRow>
          <SingleSensorRow>
            <DateOccurred>1/9/2018 7:25:30 PM</DateOccurred>
            <DateOccurredUtc>1/9/2018 5:25:30 PM</DateOccurredUtc>
            <Average>44</Average>
            <Peak>48</Peak>
            <Temperature>31</Temperature>
            <PidResponseFactor></PidResponseFactor>
            <PidShortGasName></PidShortGasName>
          </SingleSensorRow>
          <SingleSensorRow>
            <DateOccurred>1/9/2018 7:26:30 PM</DateOccurred>
            <DateOccurredUtc>1/9/2018 5:26:30 PM</DateOccurredUtc>
            <Average>38</Average>
            <Peak>41</Peak>
            <Temperature>31</Temperature>
            <PidResponseFactor></PidResponseFactor>
            <PidShortGasName></PidShortGasName>
          </SingleSensorRow>
          <SingleSensorRow>
            <DateOccurred>1/9/2018 7:27:30 PM</DateOccurred>
            <DateOccurredUtc>1/9/2018 5:27:30 PM</DateOccurredUtc>
            <Average>35</Average>
            <Peak>37</Peak>
            <Temperature>34</Temperature>
            <PidResponseFactor></PidResponseFactor>
            <PidShortGasName></PidShortGasName>
          </SingleSensorRow>
        </Readings>
      </SingleSensorLog>
      <SingleSensorLog>
        <DashboardCalibrationSensorDetails>
          <TestType>None</TestType>
          <FoundValue></FoundValue>
          <ExpectedValue></ExpectedValue>
          <TestResult>NotTested</TestResult>
          <CylinderLot></CylinderLot>
          <CylinderPartNumber></CylinderPartNumber>
          <Site>4</Site>
          <GasUnit>PPM</GasUnit>
          <Gas>H2S</Gas>
          <IsFailed>False</IsFailed>
          <Enabled>False</Enabled>
          <DatePerformedUtc>1/1/0001 12:00:00 AM</DatePerformedUtc>
        </DashboardCalibrationSensorDetails>
        <Readings>
          <SingleSensorRow>
            <DateOccurred>1/9/2018 7:11:30 PM</DateOccurred>
            <DateOccurredUtc>1/9/2018 5:11:30 PM</DateOccurredUtc>
            <Average>0</Average>
            <Peak>0</Peak>
            <Temperature>31</Temperature>
            <PidResponseFactor></PidResponseFactor>
            <PidShortGasName></PidShortGasName>
          </SingleSensorRow>
          <SingleSensorRow>
            <DateOccurred>1/9/2018 7:12:30 PM</DateOccurred>
            <DateOccurredUtc>1/9/2018 5:12:30 PM</DateOccurredUtc>
            <Average>0</Average>
            <Peak>0</Peak>
            <Temperature>31</Temperature>
            <PidResponseFactor></PidResponseFactor>
            <PidShortGasName></PidShortGasName>
          </SingleSensorRow>
          <SingleSensorRow>
            <DateOccurred>1/9/2018 7:13:30 PM</DateOccurred>
            <DateOccurredUtc>1/9/2018 5:13:30 PM</DateOccurredUtc>
            <Average>0</Average>
            <Peak>0</Peak>
            <Temperature>31</Temperature>
            <PidResponseFactor></PidResponseFactor>
            <PidShortGasName></PidShortGasName>
          </SingleSensorRow>
          <SingleSensorRow>
            <DateOccurred>1/9/2018 7:14:30 PM</DateOccurred>
            <DateOccurredUtc>1/9/2018 5:14:30 PM</DateOccurredUtc>
            <Average>0</Average>
            <Peak>0</Peak>
            <Temperature>31</Temperature>
            <PidResponseFactor></PidResponseFactor>
            <PidShortGasName></PidShortGasName>
          </SingleSensorRow>
          <SingleSensorRow>
            <DateOccurred>1/9/2018 7:15:30 PM</DateOccurred>
            <DateOccurredUtc>1/9/2018 5:15:30 PM</DateOccurredUtc>
            <Average>0</Average>
            <Peak>0</Peak>
            <Temperature>31</Temperature>
            <PidResponseFactor></PidResponseFactor>
            <PidShortGasName></PidShortGasName>
          </SingleSensorRow>
          <SingleSensorRow>
            <DateOccurred>1/9/2018 7:16:30 PM</DateOccurred>
            <DateOccurredUtc>1/9/2018 5:16:30 PM</DateOccurredUtc>
            <Average>0</Average>
            <Peak>0</Peak>
            <Temperature>31</Temperature>
            <PidResponseFactor></PidResponseFactor>
            <PidShortGasName></PidShortGasName>
          </SingleSensorRow>
          <SingleSensorRow>
            <DateOccurred>1/9/2018 7:17:30 PM</DateOccurred>
            <DateOccurredUtc>1/9/2018 5:17:30 PM</DateOccurredUtc>
            <Average>0</Average>
            <Peak>0</Peak>
            <Temperature>31</Temperature>
            <PidResponseFactor></PidResponseFactor>
            <PidShortGasName></PidShortGasName>
          </SingleSensorRow>
          <SingleSensorRow>
            <DateOccurred>1/9/2018 7:18:30 PM</DateOccurred>
            <DateOccurredUtc>1/9/2018 5:18:30 PM</DateOccurredUtc>
            <Average>0</Average>
            <Peak>0</Peak>
            <Temperature>31</Temperature>
            <PidResponseFactor></PidResponseFactor>
            <PidShortGasName></PidShortGasName>
          </SingleSensorRow>
          <SingleSensorRow>
            <DateOccurred>1/9/2018 7:19:30 PM</DateOccurred>
            <DateOccurredUtc>1/9/2018 5:19:30 PM</DateOccurredUtc>
            <Average>0</Average>
            <Peak>0</Peak>
            <Temperature>31</Temperature>
            <PidResponseFactor></PidResponseFactor>
            <PidShortGasName></PidShortGasName>
          </SingleSensorRow>
          <SingleSensorRow>
            <DateOccurred>1/9/2018 7:20:30 PM</DateOccurred>
            <DateOccurredUtc>1/9/2018 5:20:30 PM</DateOccurredUtc>
            <Average>0</Average>
            <Peak>0</Peak>
            <Temperature>31</Temperature>
            <PidResponseFactor></PidResponseFactor>
            <PidShortGasName></PidShortGasName>
          </SingleSensorRow>
          <SingleSensorRow>
            <DateOccurred>1/9/2018 7:21:30 PM</DateOccurred>
            <DateOccurredUtc>1/9/2018 5:21:30 PM</DateOccurredUtc>
            <Average>0</Average>
            <Peak>0</Peak>
            <Temperature>31</Temperature>
            <PidResponseFactor></PidResponseFactor>
            <PidShortGasName></PidShortGasName>
          </SingleSensorRow>
          <SingleSensorRow>
            <DateOccurred>1/9/2018 7:22:30 PM</DateOccurred>
            <DateOccurredUtc>1/9/2018 5:22:30 PM</DateOccurredUtc>
            <Average>0</Average>
            <Peak>0</Peak>
            <Temperature>31</Temperature>
            <PidResponseFactor></PidResponseFactor>
            <PidShortGasName></PidShortGasName>
          </SingleSensorRow>
          <SingleSensorRow>
            <DateOccurred>1/9/2018 7:23:30 PM</DateOccurred>
            <DateOccurredUtc>1/9/2018 5:23:30 PM</DateOccurredUtc>
            <Average>0</Average>
            <Peak>0</Peak>
            <Temperature>31</Temperature>
            <PidResponseFactor></PidResponseFactor>
            <PidShortGasName></PidShortGasName>
          </SingleSensorRow>
          <SingleSensorRow>
            <DateOccurred>1/9/2018 7:24:30 PM</DateOccurred>
            <DateOccurredUtc>1/9/2018 5:24:30 PM</DateOccurredUtc>
            <Average>0</Average>
            <Peak>0</Peak>
            <Temperature>31</Temperature>
            <PidResponseFactor></PidResponseFactor>
            <PidShortGasName></PidShortGasName>
          </SingleSensorRow>
          <SingleSensorRow>
            <DateOccurred>1/9/2018 7:25:30 PM</DateOccurred>
            <DateOccurredUtc>1/9/2018 5:25:30 PM</DateOccurredUtc>
            <Average>0</Average>
            <Peak>0</Peak>
            <Temperature>31</Temperature>
            <PidResponseFactor></PidResponseFactor>
            <PidShortGasName></PidShortGasName>
          </SingleSensorRow>
          <SingleSensorRow>
            <DateOccurred>1/9/2018 7:26:30 PM</DateOccurred>
            <DateOccurredUtc>1/9/2018 5:26:30 PM</DateOccurredUtc>
            <Average>0</Average>
            <Peak>0</Peak>
            <Temperature>31</Temperature>
            <PidResponseFactor></PidResponseFactor>
            <PidShortGasName></PidShortGasName>
          </SingleSensorRow>
          <SingleSensorRow>
            <DateOccurred>1/9/2018 7:27:30 PM</DateOccurred>
            <DateOccurredUtc>1/9/2018 5:27:30 PM</DateOccurredUtc>
            <Average>0</Average>
            <Peak>0</Peak>
            <Temperature>34</Temperature>
            <PidResponseFactor></PidResponseFactor>
            <PidShortGasName></PidShortGasName>
          </SingleSensorRow>
        </Readings>
      </SingleSensorLog>
    </Data>
  </SessionAlarmDetails>
</Report>