<Report>
  <SessionAlarmDetails>
    <Instrument>
      <Type>Altair4X</Type>
      <UserName></UserName>
      <Company></Company>
      <Department></Department>
      <SerialNumber>0</SerialNumber>
      <AverageEnable>True</AverageEnable>
      <PeakEnable>True</PeakEnable>
      <DatalogEnable>True</DatalogEnable>
      <AverageInterval>0</AverageInterval>
      <AudioAlarmEnable>True</AudioAlarmEnable>
      <LedAlarmEnable>True</LedAlarmEnable>
      <VibratingAlarmEnable>True</VibratingAlarmEnable>
      <ManDownAlarmEnable>False</ManDownAlarmEnable>
      <CalibrationInterval>30</CalibrationInterval>
      <BumpInterval>0</BumpInterval>
      <TimeZone>South Africa Standard Time</TimeZone>
      <DaylightSavingsEnable>False</DaylightSavingsEnable>
      <Sensors>
        <Sensor>
          <GasUnits>PercentLEL</GasUnits>
          <GasType>CO</GasType>
          <Site>3</Site>
          <Enabled>True</Enabled>
          <Alarms>
            <Alarm>
              <AlarmType>ExposureLowAlarm</AlarmType>
              <Enabled>True</Enabled>
              <Latching>False</Latching>
              <Setpoint>50</Setpoint>
            </Alarm>
            <Alarm>
              <AlarmType>ExposureHighAlarm</AlarmType>
              <Enabled>True</Enabled>
              <Latching>True</Latching>
              <Setpoint>100</Setpoint>
            </Alarm>
            <Alarm>
              <AlarmType>TWA</AlarmType>
              <Enabled>True</Enabled>
              <Latching>True</Latching>
              <Setpoint>30</Setpoint>
            </Alarm>
          </Alarms>
        </Sensor>
        <Sensor>
          <GasUnits>PercentLEL</GasUnits>
          <GasType>Methane</GasType>
          <Site>1</Site>
          <Enabled>True</Enabled>
          <Alarms>
            <Alarm>
              <AlarmType>ExposureLowAlarm</AlarmType>
              <Enabled>True</Enabled>
              <Latching>False</Latching>
              <Setpoint>0.5</Setpoint>
            </Alarm>
            <Alarm>
              <AlarmType>ExposureHighAlarm</AlarmType>
              <Enabled>True</Enabled>
              <Latching>True</Latching>
              <Setpoint>1</Setpoint>
            </Alarm>
          </Alarms>
        </Sensor>
        <Sensor>
          <GasUnits>PercentLEL</GasUnits>
          <GasType>H2S</GasType>
          <Site>4</Site>
          <Enabled>False</Enabled>
          <Alarms>
            <Alarm>
              <AlarmType>ExposureLowAlarm</AlarmType>
              <Enabled>True</Enabled>
              <Latching>False</Latching>
              <Setpoint>10</Setpoint>
            </Alarm>
            <Alarm>
              <AlarmType>ExposureHighAlarm</AlarmType>
              <Enabled>True</Enabled>
              <Latching>True</Latching>
              <Setpoint>15</Setpoint>
            </Alarm>
            <Alarm>
              <AlarmType>TWA</AlarmType>
              <Enabled>True</Enabled>
              <Latching>True</Latching>
              <Setpoint>10</Setpoint>
            </Alarm>
          </Alarms>
        </Sensor>
      </Sensors>
    </Instrument>
    <DatabaseEventTimestamp>
      <TimeStampLocalTime>1/11/2018 6:36:15 AM</TimeStampLocalTime>
      <TimeStampOrigin>1/11/2018 1:36:15 PM</TimeStampOrigin>
      <DateEnteredOrigin>1/11/2018 6:49:47 PM</DateEnteredOrigin>
      <TimeZoneOfOrigin>South Africa Standard Time</TimeZoneOfOrigin>
      <TimeStampUTC>1/11/2018 11:36:15 AM</TimeStampUTC>
      <DateEnteredUTC>1/11/2018 4:49:47 PM</DateEnteredUTC>
    </DatabaseEventTimestamp>
    <LastValidCalibration>12/9/2017 7:42:20 AM</LastValidCalibration>
    <BankName>Station 010</BankName>
    <Site>3</Site>
    <AlarmType>ExposureLowAlarm</AlarmType>
    <AlarmValue>50.00000000</AlarmValue>
    <Data>
      <SingleSensorLog>
        <DashboardCalibrationSensorDetails>
          <TestType>Calibration</TestType>
          <FoundValue>1.4</FoundValue>
          <ExpectedValue>1.38</ExpectedValue>
          <TestResult>Passed</TestResult>
          <CylinderLot></CylinderLot>
          <CylinderPartNumber>0</CylinderPartNumber>
          <Site>1</Site>
          <GasUnit>PercentMethane</GasUnit>
          <Gas>Methane</Gas>
          <IsFailed>False</IsFailed>
          <Enabled>True</Enabled>
          <DatePerformedUtc>1/1/0001 12:00:00 AM</DatePerformedUtc>
        </DashboardCalibrationSensorDetails>
        <Readings>
          <SingleSensorRow>
            <DateOccurred>1/11/2018 1:33:15 PM</DateOccurred>
            <DateOccurredUtc>1/11/2018 11:33:15 AM</DateOccurredUtc>
            <Average>0</Average>
            <Peak>0</Peak>
            <Temperature>29</Temperature>
            <PidResponseFactor></PidResponseFactor>
            <PidShortGasName></PidShortGasName>
          </SingleSensorRow>
          <SingleSensorRow>
            <DateOccurred>1/11/2018 1:34:15 PM</DateOccurred>
            <DateOccurredUtc>1/11/2018 11:34:15 AM</DateOccurredUtc>
            <Average>0</Average>
            <Peak>0</Peak>
            <Temperature>29</Temperature>
            <PidResponseFactor></PidResponseFactor>
            <PidShortGasName></PidShortGasName>
          </SingleSensorRow>
          <SingleSensorRow>
            <DateOccurred>1/11/2018 1:35:15 PM</DateOccurred>
            <DateOccurredUtc>1/11/2018 11:35:15 AM</DateOccurredUtc>
            <Average>0</Average>
            <Peak>0</Peak>
            <Temperature>29</Temperature>
            <PidResponseFactor></PidResponseFactor>
            <PidShortGasName></PidShortGasName>
          </SingleSensorRow>
          <SingleSensorRow>
            <DateOccurred>1/11/2018 1:36:15 PM</DateOccurred>
            <DateOccurredUtc>1/11/2018 11:36:15 AM</DateOccurredUtc>
            <Average>0</Average>
            <Peak>0</Peak>
            <Temperature>29</Temperature>
            <PidResponseFactor></PidResponseFactor>
            <PidShortGasName></PidShortGasName>
          </SingleSensorRow>
          <SingleSensorRow>
            <DateOccurred>1/11/2018 1:37:15 PM</DateOccurred>
            <DateOccurredUtc>1/11/2018 11:37:15 AM</DateOccurredUtc>
            <Average>0</Average>
            <Peak>0</Peak>
            <Temperature>29</Temperature>
            <PidResponseFactor></PidResponseFactor>
            <PidShortGasName></PidShortGasName>
          </SingleSensorRow>
          <SingleSensorRow>
            <DateOccurred>1/11/2018 1:38:15 PM</DateOccurred>
            <DateOccurredUtc>1/11/2018 11:38:15 AM</DateOccurredUtc>
            <Average>0</Average>
            <Peak>0</Peak>
            <Temperature>29</Temperature>
            <PidResponseFactor></PidResponseFactor>
            <PidShortGasName></PidShortGasName>
          </SingleSensorRow>
          <SingleSensorRow>
            <DateOccurred>1/11/2018 1:39:15 PM</DateOccurred>
            <DateOccurredUtc>1/11/2018 11:39:15 AM</DateOccurredUtc>
            <Average>0</Average>
            <Peak>0</Peak>
            <Temperature>30</Temperature>
            <PidResponseFactor></PidResponseFactor>
            <PidShortGasName></PidShortGasName>
          </SingleSensorRow>
          <SingleSensorRow>
            <DateOccurred>1/11/2018 1:40:15 PM</DateOccurred>
            <DateOccurredUtc>1/11/2018 11:40:15 AM</DateOccurredUtc>
            <Average>0</Average>
            <Peak>0</Peak>
            <Temperature>30</Temperature>
            <PidResponseFactor></PidResponseFactor>
            <PidShortGasName></PidShortGasName>
          </SingleSensorRow>
          <SingleSensorRow>
            <DateOccurred>1/11/2018 1:41:15 PM</DateOccurred>
            <DateOccurredUtc>1/11/2018 11:41:15 AM</DateOccurredUtc>
            <Average>0</Average>
            <Peak>0</Peak>
            <Temperature>30</Temperature>
            <PidResponseFactor></PidResponseFactor>
            <PidShortGasName></PidShortGasName>
          </SingleSensorRow>
          <SingleSensorRow>
            <DateOccurred>1/11/2018 1:42:15 PM</DateOccurred>
            <DateOccurredUtc>1/11/2018 11:42:15 AM</DateOccurredUtc>
            <Average>0</Average>
            <Peak>0</Peak>
            <Temperature>30</Temperature>
            <PidResponseFactor></PidResponseFactor>
            <PidShortGasName></PidShortGasName>
          </SingleSensorRow>
        </Readings>
      </SingleSensorLog>
      <SingleSensorLog>
        <DashboardCalibrationSensorDetails>
          <TestType>Calibration</TestType>
          <FoundValue>168</FoundValue>
          <ExpectedValue>173</ExpectedValue>
          <TestResult>Passed</TestResult>
          <CylinderLot></CylinderLot>
          <CylinderPartNumber>0</CylinderPartNumber>
          <Site>3</Site>
          <GasUnit>PPM</GasUnit>
          <Gas>CO</Gas>
          <IsFailed>False</IsFailed>
          <Enabled>True</Enabled>
          <DatePerformedUtc>1/1/0001 12:00:00 AM</DatePerformedUtc>
        </DashboardCalibrationSensorDetails>
        <Readings>
          <SingleSensorRow>
            <DateOccurred>1/11/2018 1:33:15 PM</DateOccurred>
            <DateOccurredUtc>1/11/2018 11:33:15 AM</DateOccurredUtc>
            <Average>0</Average>
            <Peak>0</Peak>
            <Temperature>29</Temperature>
            <PidResponseFactor></PidResponseFactor>
            <PidShortGasName></PidShortGasName>
          </SingleSensorRow>
          <SingleSensorRow>
            <DateOccurred>1/11/2018 1:34:15 PM</DateOccurred>
            <DateOccurredUtc>1/11/2018 11:34:15 AM</DateOccurredUtc>
            <Average>0</Average>
            <Peak>0</Peak>
            <Temperature>29</Temperature>
            <PidResponseFactor></PidResponseFactor>
            <PidShortGasName></PidShortGasName>
          </SingleSensorRow>
          <SingleSensorRow>
            <DateOccurred>1/11/2018 1:35:15 PM</DateOccurred>
            <DateOccurredUtc>1/11/2018 11:35:15 AM</DateOccurredUtc>
            <Average>5</Average>
            <Peak>39</Peak>
            <Temperature>29</Temperature>
            <PidResponseFactor></PidResponseFactor>
            <PidShortGasName></PidShortGasName>
          </SingleSensorRow>
          <SingleSensorRow>
            <DateOccurred>1/11/2018 1:36:15 PM</DateOccurred>
            <DateOccurredUtc>1/11/2018 11:36:15 AM</DateOccurredUtc>
            <Average>12</Average>
            <Peak>29</Peak>
            <Temperature>29</Temperature>
            <PidResponseFactor></PidResponseFactor>
            <PidShortGasName></PidShortGasName>
          </SingleSensorRow>
          <SingleSensorRow>
            <DateOccurred>1/11/2018 1:37:15 PM</DateOccurred>
            <DateOccurredUtc>1/11/2018 11:37:15 AM</DateOccurredUtc>
            <Average>64</Average>
            <Peak>81</Peak>
            <Temperature>29</Temperature>
            <PidResponseFactor></PidResponseFactor>
            <PidShortGasName></PidShortGasName>
          </SingleSensorRow>
          <SingleSensorRow>
            <DateOccurred>1/11/2018 1:38:15 PM</DateOccurred>
            <DateOccurredUtc>1/11/2018 11:38:15 AM</DateOccurredUtc>
            <Average>70</Average>
            <Peak>90</Peak>
            <Temperature>29</Temperature>
            <PidResponseFactor></PidResponseFactor>
            <PidShortGasName></PidShortGasName>
          </SingleSensorRow>
          <SingleSensorRow>
            <DateOccurred>1/11/2018 1:39:15 PM</DateOccurred>
            <DateOccurredUtc>1/11/2018 11:39:15 AM</DateOccurredUtc>
            <Average>10</Average>
            <Peak>18</Peak>
            <Temperature>30</Temperature>
            <PidResponseFactor></PidResponseFactor>
            <PidShortGasName></PidShortGasName>
          </SingleSensorRow>
          <SingleSensorRow>
            <DateOccurred>1/11/2018 1:40:15 PM</DateOccurred>
            <DateOccurredUtc>1/11/2018 11:40:15 AM</DateOccurredUtc>
            <Average>6</Average>
            <Peak>8</Peak>
            <Temperature>30</Temperature>
            <PidResponseFactor></PidResponseFactor>
            <PidShortGasName></PidShortGasName>
          </SingleSensorRow>
          <SingleSensorRow>
            <DateOccurred>1/11/2018 1:41:15 PM</DateOccurred>
            <DateOccurredUtc>1/11/2018 11:41:15 AM</DateOccurredUtc>
            <Average>3</Average>
            <Peak>5</Peak>
            <Temperature>30</Temperature>
            <PidResponseFactor></PidResponseFactor>
            <PidShortGasName></PidShortGasName>
          </SingleSensorRow>
          <SingleSensorRow>
            <DateOccurred>1/11/2018 1:42:15 PM</DateOccurred>
            <DateOccurredUtc>1/11/2018 11:42:15 AM</DateOccurredUtc>
            <Average>0</Average>
            <Peak>2</Peak>
            <Temperature>30</Temperature>
            <PidResponseFactor></PidResponseFactor>
            <PidShortGasName></PidShortGasName>
          </SingleSensorRow>
        </Readings>
      </SingleSensorLog>
      <SingleSensorLog>
        <DashboardCalibrationSensorDetails>
          <TestType>None</TestType>
          <FoundValue></FoundValue>
          <ExpectedValue></ExpectedValue>
          <TestResult>NotTested</TestResult>
          <CylinderLot></CylinderLot>
          <CylinderPartNumber></CylinderPartNumber>
          <Site>4</Site>
          <GasUnit>PPM</GasUnit>
          <Gas>H2S</Gas>
          <IsFailed>False</IsFailed>
          <Enabled>False</Enabled>
          <DatePerformedUtc>1/1/0001 12:00:00 AM</DatePerformedUtc>
        </DashboardCalibrationSensorDetails>
        <Readings>
          <SingleSensorRow>
            <DateOccurred>1/11/2018 1:33:15 PM</DateOccurred>
            <DateOccurredUtc>1/11/2018 11:33:15 AM</DateOccurredUtc>
            <Average>0</Average>
            <Peak>0</Peak>
            <Temperature>29</Temperature>
            <PidResponseFactor></PidResponseFactor>
            <PidShortGasName></PidShortGasName>
          </SingleSensorRow>
          <SingleSensorRow>
            <DateOccurred>1/11/2018 1:34:15 PM</DateOccurred>
            <DateOccurredUtc>1/11/2018 11:34:15 AM</DateOccurredUtc>
            <Average>0</Average>
            <Peak>0</Peak>
            <Temperature>29</Temperature>
            <PidResponseFactor></PidResponseFactor>
            <PidShortGasName></PidShortGasName>
          </SingleSensorRow>
          <SingleSensorRow>
            <DateOccurred>1/11/2018 1:35:15 PM</DateOccurred>
            <DateOccurredUtc>1/11/2018 11:35:15 AM</DateOccurredUtc>
            <Average>0</Average>
            <Peak>0</Peak>
            <Temperature>29</Temperature>
            <PidResponseFactor></PidResponseFactor>
            <PidShortGasName></PidShortGasName>
          </SingleSensorRow>
          <SingleSensorRow>
            <DateOccurred>1/11/2018 1:36:15 PM</DateOccurred>
            <DateOccurredUtc>1/11/2018 11:36:15 AM</DateOccurredUtc>
            <Average>0</Average>
            <Peak>0</Peak>
            <Temperature>29</Temperature>
            <PidResponseFactor></PidResponseFactor>
            <PidShortGasName></PidShortGasName>
          </SingleSensorRow>
          <SingleSensorRow>
            <DateOccurred>1/11/2018 1:37:15 PM</DateOccurred>
            <DateOccurredUtc>1/11/2018 11:37:15 AM</DateOccurredUtc>
            <Average>0</Average>
            <Peak>0</Peak>
            <Temperature>29</Temperature>
            <PidResponseFactor></PidResponseFactor>
            <PidShortGasName></PidShortGasName>
          </SingleSensorRow>
          <SingleSensorRow>
            <DateOccurred>1/11/2018 1:38:15 PM</DateOccurred>
            <DateOccurredUtc>1/11/2018 11:38:15 AM</DateOccurredUtc>
            <Average>0</Average>
            <Peak>0</Peak>
            <Temperature>29</Temperature>
            <PidResponseFactor></PidResponseFactor>
            <PidShortGasName></PidShortGasName>
          </SingleSensorRow>
          <SingleSensorRow>
            <DateOccurred>1/11/2018 1:39:15 PM</DateOccurred>
            <DateOccurredUtc>1/11/2018 11:39:15 AM</DateOccurredUtc>
            <Average>0</Average>
            <Peak>0</Peak>
            <Temperature>30</Temperature>
            <PidResponseFactor></PidResponseFactor>
            <PidShortGasName></PidShortGasName>
          </SingleSensorRow>
          <SingleSensorRow>
            <DateOccurred>1/11/2018 1:40:15 PM</DateOccurred>
            <DateOccurredUtc>1/11/2018 11:40:15 AM</DateOccurredUtc>
            <Average>0</Average>
            <Peak>0</Peak>
            <Temperature>30</Temperature>
            <PidResponseFactor></PidResponseFactor>
            <PidShortGasName></PidShortGasName>
          </SingleSensorRow>
          <SingleSensorRow>
            <DateOccurred>1/11/2018 1:41:15 PM</DateOccurred>
            <DateOccurredUtc>1/11/2018 11:41:15 AM</DateOccurredUtc>
            <Average>0</Average>
            <Peak>0</Peak>
            <Temperature>30</Temperature>
            <PidResponseFactor></PidResponseFactor>
            <PidShortGasName></PidShortGasName>
          </SingleSensorRow>
          <SingleSensorRow>
            <DateOccurred>1/11/2018 1:42:15 PM</DateOccurred>
            <DateOccurredUtc>1/11/2018 11:42:15 AM</DateOccurredUtc>
            <Average>0</Average>
            <Peak>0</Peak>
            <Temperature>30</Temperature>
            <PidResponseFactor></PidResponseFactor>
            <PidShortGasName></PidShortGasName>
          </SingleSensorRow>
        </Readings>
      </SingleSensorLog>
    </Data>
  </SessionAlarmDetails>
</Report>