<Report>
  <SessionAlarmDetails>
    <Instrument>
      <Type>Altair4X</Type>
      <UserName></UserName>
      <Company></Company>
      <Department></Department>
      <SerialNumber>0</SerialNumber>
      <AverageEnable>True</AverageEnable>
      <PeakEnable>True</PeakEnable>
      <DatalogEnable>True</DatalogEnable>
      <AverageInterval>0</AverageInterval>
      <AudioAlarmEnable>True</AudioAlarmEnable>
      <LedAlarmEnable>True</LedAlarmEnable>
      <VibratingAlarmEnable>True</VibratingAlarmEnable>
      <ManDownAlarmEnable>False</ManDownAlarmEnable>
      <CalibrationInterval>30</CalibrationInterval>
      <BumpInterval>0</BumpInterval>
      <TimeZone>South Africa Standard Time</TimeZone>
      <DaylightSavingsEnable>False</DaylightSavingsEnable>
      <Sensors>
        <Sensor>
          <GasUnits>PercentLEL</GasUnits>
          <GasType>Methane</GasType>
          <Site>1</Site>
          <Enabled>True</Enabled>
          <Alarms>
            <Alarm>
              <AlarmType>ExposureLowAlarm</AlarmType>
              <Enabled>True</Enabled>
              <Latching>False</Latching>
              <Setpoint>0.5</Setpoint>
            </Alarm>
            <Alarm>
              <AlarmType>ExposureHighAlarm</AlarmType>
              <Enabled>True</Enabled>
              <Latching>True</Latching>
              <Setpoint>1</Setpoint>
            </Alarm>
          </Alarms>
        </Sensor>
        <Sensor>
          <GasUnits>PercentLEL</GasUnits>
          <GasType>CO</GasType>
          <Site>3</Site>
          <Enabled>True</Enabled>
          <Alarms>
            <Alarm>
              <AlarmType>ExposureLowAlarm</AlarmType>
              <Enabled>True</Enabled>
              <Latching>False</Latching>
              <Setpoint>50</Setpoint>
            </Alarm>
            <Alarm>
              <AlarmType>ExposureHighAlarm</AlarmType>
              <Enabled>True</Enabled>
              <Latching>True</Latching>
              <Setpoint>100</Setpoint>
            </Alarm>
            <Alarm>
              <AlarmType>TWA</AlarmType>
              <Enabled>True</Enabled>
              <Latching>True</Latching>
              <Setpoint>30</Setpoint>
            </Alarm>
          </Alarms>
        </Sensor>
        <Sensor>
          <GasUnits>PercentLEL</GasUnits>
          <GasType>H2S</GasType>
          <Site>4</Site>
          <Enabled>False</Enabled>
          <Alarms>
            <Alarm>
              <AlarmType>ExposureLowAlarm</AlarmType>
              <Enabled>True</Enabled>
              <Latching>False</Latching>
              <Setpoint>10</Setpoint>
            </Alarm>
            <Alarm>
              <AlarmType>ExposureHighAlarm</AlarmType>
              <Enabled>True</Enabled>
              <Latching>True</Latching>
              <Setpoint>15</Setpoint>
            </Alarm>
            <Alarm>
              <AlarmType>TWA</AlarmType>
              <Enabled>True</Enabled>
              <Latching>True</Latching>
              <Setpoint>10</Setpoint>
            </Alarm>
          </Alarms>
        </Sensor>
      </Sensors>
    </Instrument>
    <DatabaseEventTimestamp>
      <TimeStampLocalTime>1/5/2018 7:29:30 AM</TimeStampLocalTime>
      <TimeStampOrigin>1/5/2018 2:29:30 PM</TimeStampOrigin>
      <DateEnteredOrigin>1/5/2018 2:33:11 PM</DateEnteredOrigin>
      <TimeZoneOfOrigin>South Africa Standard Time</TimeZoneOfOrigin>
      <TimeStampUTC>1/5/2018 12:29:30 PM</TimeStampUTC>
      <DateEnteredUTC>1/5/2018 12:33:11 PM</DateEnteredUTC>
    </DatabaseEventTimestamp>
    <LastValidCalibration>12/9/2017 9:30:39 AM</LastValidCalibration>
    <BankName>Station 006</BankName>
    <Site>1</Site>
    <AlarmType>ExposurePeakAlarm</AlarmType>
    <AlarmValue>0.50000000</AlarmValue>
    <Data>
      <SingleSensorLog>
        <DashboardCalibrationSensorDetails>
          <TestType>Calibration</TestType>
          <FoundValue>0.95</FoundValue>
          <ExpectedValue>1.38</ExpectedValue>
          <TestResult>Passed</TestResult>
          <CylinderLot></CylinderLot>
          <CylinderPartNumber>0</CylinderPartNumber>
          <Site>1</Site>
          <GasUnit>PercentMethane</GasUnit>
          <Gas>Methane</Gas>
          <IsFailed>False</IsFailed>
          <Enabled>True</Enabled>
          <DatePerformedUtc>1/1/0001 12:00:00 AM</DatePerformedUtc>
        </DashboardCalibrationSensorDetails>
        <Readings>
          <SingleSensorRow>
            <DateOccurred>1/5/2018 2:27:45 PM</DateOccurred>
            <DateOccurredUtc>1/5/2018 12:27:45 PM</DateOccurredUtc>
            <Average>0.400000005960464</Average>
            <Peak>0.450000017881393</Peak>
            <Temperature>27</Temperature>
            <PidResponseFactor></PidResponseFactor>
            <PidShortGasName></PidShortGasName>
          </SingleSensorRow>
          <SingleSensorRow>
            <DateOccurred>1/5/2018 2:28:45 PM</DateOccurred>
            <DateOccurredUtc>1/5/2018 12:28:45 PM</DateOccurredUtc>
            <Average>0.400000005960464</Average>
            <Peak>0.450000017881393</Peak>
            <Temperature>27</Temperature>
            <PidResponseFactor></PidResponseFactor>
            <PidShortGasName></PidShortGasName>
          </SingleSensorRow>
          <SingleSensorRow>
            <DateOccurred>1/5/2018 2:29:45 PM</DateOccurred>
            <DateOccurredUtc>1/5/2018 12:29:45 PM</DateOccurredUtc>
            <Average>0.450000017881393</Average>
            <Peak>0.5</Peak>
            <Temperature>27</Temperature>
            <PidResponseFactor></PidResponseFactor>
            <PidShortGasName></PidShortGasName>
          </SingleSensorRow>
          <SingleSensorRow>
            <DateOccurred>1/5/2018 2:30:45 PM</DateOccurred>
            <DateOccurredUtc>1/5/2018 12:30:45 PM</DateOccurredUtc>
            <Average>0.5</Average>
            <Peak>0.5</Peak>
            <Temperature>27</Temperature>
            <PidResponseFactor></PidResponseFactor>
            <PidShortGasName></PidShortGasName>
          </SingleSensorRow>
        </Readings>
      </SingleSensorLog>
      <SingleSensorLog>
        <DashboardCalibrationSensorDetails>
          <TestType>Calibration</TestType>
          <FoundValue>175</FoundValue>
          <ExpectedValue>173</ExpectedValue>
          <TestResult>Passed</TestResult>
          <CylinderLot></CylinderLot>
          <CylinderPartNumber>0</CylinderPartNumber>
          <Site>3</Site>
          <GasUnit>PPM</GasUnit>
          <Gas>CO</Gas>
          <IsFailed>False</IsFailed>
          <Enabled>True</Enabled>
          <DatePerformedUtc>1/1/0001 12:00:00 AM</DatePerformedUtc>
        </DashboardCalibrationSensorDetails>
        <Readings>
          <SingleSensorRow>
            <DateOccurred>1/5/2018 2:27:45 PM</DateOccurred>
            <DateOccurredUtc>1/5/2018 12:27:45 PM</DateOccurredUtc>
            <Average>0</Average>
            <Peak>1</Peak>
            <Temperature>27</Temperature>
            <PidResponseFactor></PidResponseFactor>
            <PidShortGasName></PidShortGasName>
          </SingleSensorRow>
          <SingleSensorRow>
            <DateOccurred>1/5/2018 2:28:45 PM</DateOccurred>
            <DateOccurredUtc>1/5/2018 12:28:45 PM</DateOccurredUtc>
            <Average>0</Average>
            <Peak>0</Peak>
            <Temperature>27</Temperature>
            <PidResponseFactor></PidResponseFactor>
            <PidShortGasName></PidShortGasName>
          </SingleSensorRow>
          <SingleSensorRow>
            <DateOccurred>1/5/2018 2:29:45 PM</DateOccurred>
            <DateOccurredUtc>1/5/2018 12:29:45 PM</DateOccurredUtc>
            <Average>0</Average>
            <Peak>1</Peak>
            <Temperature>27</Temperature>
            <PidResponseFactor></PidResponseFactor>
            <PidShortGasName></PidShortGasName>
          </SingleSensorRow>
          <SingleSensorRow>
            <DateOccurred>1/5/2018 2:30:45 PM</DateOccurred>
            <DateOccurredUtc>1/5/2018 12:30:45 PM</DateOccurredUtc>
            <Average>0</Average>
            <Peak>0</Peak>
            <Temperature>27</Temperature>
            <PidResponseFactor></PidResponseFactor>
            <PidShortGasName></PidShortGasName>
          </SingleSensorRow>
        </Readings>
      </SingleSensorLog>
      <SingleSensorLog>
        <DashboardCalibrationSensorDetails>
          <TestType>None</TestType>
          <FoundValue></FoundValue>
          <ExpectedValue></ExpectedValue>
          <TestResult>NotTested</TestResult>
          <CylinderLot></CylinderLot>
          <CylinderPartNumber></CylinderPartNumber>
          <Site>4</Site>
          <GasUnit>PPM</GasUnit>
          <Gas>H2S</Gas>
          <IsFailed>False</IsFailed>
          <Enabled>False</Enabled>
          <DatePerformedUtc>1/1/0001 12:00:00 AM</DatePerformedUtc>
        </DashboardCalibrationSensorDetails>
        <Readings>
          <SingleSensorRow>
            <DateOccurred>1/5/2018 2:27:45 PM</DateOccurred>
            <DateOccurredUtc>1/5/2018 12:27:45 PM</DateOccurredUtc>
            <Average>0</Average>
            <Peak>0</Peak>
            <Temperature>27</Temperature>
            <PidResponseFactor></PidResponseFactor>
            <PidShortGasName></PidShortGasName>
          </SingleSensorRow>
          <SingleSensorRow>
            <DateOccurred>1/5/2018 2:28:45 PM</DateOccurred>
            <DateOccurredUtc>1/5/2018 12:28:45 PM</DateOccurredUtc>
            <Average>0</Average>
            <Peak>0</Peak>
            <Temperature>27</Temperature>
            <PidResponseFactor></PidResponseFactor>
            <PidShortGasName></PidShortGasName>
          </SingleSensorRow>
          <SingleSensorRow>
            <DateOccurred>1/5/2018 2:29:45 PM</DateOccurred>
            <DateOccurredUtc>1/5/2018 12:29:45 PM</DateOccurredUtc>
            <Average>0</Average>
            <Peak>0</Peak>
            <Temperature>27</Temperature>
            <PidResponseFactor></PidResponseFactor>
            <PidShortGasName></PidShortGasName>
          </SingleSensorRow>
          <SingleSensorRow>
            <DateOccurred>1/5/2018 2:30:45 PM</DateOccurred>
            <DateOccurredUtc>1/5/2018 12:30:45 PM</DateOccurredUtc>
            <Average>0</Average>
            <Peak>0</Peak>
            <Temperature>27</Temperature>
            <PidResponseFactor></PidResponseFactor>
            <PidShortGasName></PidShortGasName>
          </SingleSensorRow>
        </Readings>
      </SingleSensorLog>
    </Data>
  </SessionAlarmDetails>
</Report>