<Report>
  <SessionAlarmDetails>
    <Instrument>
      <Type>Altair4X</Type>
      <UserName></UserName>
      <Company></Company>
      <Department></Department>
      <SerialNumber>0</SerialNumber>
      <AverageEnable>True</AverageEnable>
      <PeakEnable>True</PeakEnable>
      <DatalogEnable>True</DatalogEnable>
      <AverageInterval>0</AverageInterval>
      <AudioAlarmEnable>True</AudioAlarmEnable>
      <LedAlarmEnable>True</LedAlarmEnable>
      <VibratingAlarmEnable>True</VibratingAlarmEnable>
      <ManDownAlarmEnable>False</ManDownAlarmEnable>
      <CalibrationInterval>30</CalibrationInterval>
      <BumpInterval>0</BumpInterval>
      <TimeZone>South Africa Standard Time</TimeZone>
      <DaylightSavingsEnable>False</DaylightSavingsEnable>
      <Sensors>
        <Sensor>
          <GasUnits>PercentLEL</GasUnits>
          <GasType>CO</GasType>
          <Site>3</Site>
          <Enabled>True</Enabled>
          <Alarms>
            <Alarm>
              <AlarmType>ExposureLowAlarm</AlarmType>
              <Enabled>True</Enabled>
              <Latching>False</Latching>
              <Setpoint>50</Setpoint>
            </Alarm>
            <Alarm>
              <AlarmType>ExposureHighAlarm</AlarmType>
              <Enabled>True</Enabled>
              <Latching>True</Latching>
              <Setpoint>100</Setpoint>
            </Alarm>
            <Alarm>
              <AlarmType>TWA</AlarmType>
              <Enabled>True</Enabled>
              <Latching>True</Latching>
              <Setpoint>30</Setpoint>
            </Alarm>
          </Alarms>
        </Sensor>
        <Sensor>
          <GasUnits>PercentLEL</GasUnits>
          <GasType>Methane</GasType>
          <Site>1</Site>
          <Enabled>True</Enabled>
          <Alarms>
            <Alarm>
              <AlarmType>ExposureLowAlarm</AlarmType>
              <Enabled>True</Enabled>
              <Latching>False</Latching>
              <Setpoint>0.5</Setpoint>
            </Alarm>
            <Alarm>
              <AlarmType>ExposureHighAlarm</AlarmType>
              <Enabled>True</Enabled>
              <Latching>True</Latching>
              <Setpoint>1</Setpoint>
            </Alarm>
          </Alarms>
        </Sensor>
        <Sensor>
          <GasUnits>PercentLEL</GasUnits>
          <GasType>H2S</GasType>
          <Site>4</Site>
          <Enabled>False</Enabled>
          <Alarms>
            <Alarm>
              <AlarmType>ExposureLowAlarm</AlarmType>
              <Enabled>True</Enabled>
              <Latching>False</Latching>
              <Setpoint>10</Setpoint>
            </Alarm>
            <Alarm>
              <AlarmType>ExposureHighAlarm</AlarmType>
              <Enabled>True</Enabled>
              <Latching>True</Latching>
              <Setpoint>15</Setpoint>
            </Alarm>
            <Alarm>
              <AlarmType>TWA</AlarmType>
              <Enabled>True</Enabled>
              <Latching>True</Latching>
              <Setpoint>10</Setpoint>
            </Alarm>
          </Alarms>
        </Sensor>
      </Sensors>
    </Instrument>
    <DatabaseEventTimestamp>
      <TimeStampLocalTime>2/7/2018 12:36:00 AM</TimeStampLocalTime>
      <TimeStampOrigin>2/7/2018 7:36:00 AM</TimeStampOrigin>
      <DateEnteredOrigin>2/7/2018 2:03:51 PM</DateEnteredOrigin>
      <TimeZoneOfOrigin>South Africa Standard Time</TimeZoneOfOrigin>
      <TimeStampUTC>2/7/2018 5:36:00 AM</TimeStampUTC>
      <DateEnteredUTC>2/7/2018 12:03:51 PM</DateEnteredUTC>
    </DatabaseEventTimestamp>
    <LastValidCalibration>1/16/2018 10:17:54 AM</LastValidCalibration>
    <BankName>Station 001</BankName>
    <Site>3</Site>
    <AlarmType>ExposureHighAlarm</AlarmType>
    <AlarmValue>100.00000000</AlarmValue>
    <Data>
      <SingleSensorLog>
        <DashboardCalibrationSensorDetails>
          <TestType>Calibration</TestType>
          <FoundValue>1.65</FoundValue>
          <ExpectedValue>1.38</ExpectedValue>
          <TestResult>Passed</TestResult>
          <CylinderLot></CylinderLot>
          <CylinderPartNumber>0</CylinderPartNumber>
          <Site>1</Site>
          <GasUnit>PercentMethane</GasUnit>
          <Gas>Methane</Gas>
          <IsFailed>False</IsFailed>
          <Enabled>True</Enabled>
          <DatePerformedUtc>1/1/0001 12:00:00 AM</DatePerformedUtc>
        </DashboardCalibrationSensorDetails>
        <Readings>
          <SingleSensorRow>
            <DateOccurred>2/7/2018 7:34:30 AM</DateOccurred>
            <DateOccurredUtc>2/7/2018 5:34:30 AM</DateOccurredUtc>
            <Average>0</Average>
            <Peak>0</Peak>
            <Temperature>33</Temperature>
            <PidResponseFactor></PidResponseFactor>
            <PidShortGasName></PidShortGasName>
          </SingleSensorRow>
          <SingleSensorRow>
            <DateOccurred>2/7/2018 7:35:30 AM</DateOccurred>
            <DateOccurredUtc>2/7/2018 5:35:30 AM</DateOccurredUtc>
            <Average>0</Average>
            <Peak>0</Peak>
            <Temperature>33</Temperature>
            <PidResponseFactor></PidResponseFactor>
            <PidShortGasName></PidShortGasName>
          </SingleSensorRow>
          <SingleSensorRow>
            <DateOccurred>2/7/2018 7:36:30 AM</DateOccurred>
            <DateOccurredUtc>2/7/2018 5:36:30 AM</DateOccurredUtc>
            <Average>0</Average>
            <Peak>0</Peak>
            <Temperature>33</Temperature>
            <PidResponseFactor></PidResponseFactor>
            <PidShortGasName></PidShortGasName>
          </SingleSensorRow>
          <SingleSensorRow>
            <DateOccurred>2/7/2018 7:37:30 AM</DateOccurred>
            <DateOccurredUtc>2/7/2018 5:37:30 AM</DateOccurredUtc>
            <Average>0</Average>
            <Peak>0</Peak>
            <Temperature>33</Temperature>
            <PidResponseFactor></PidResponseFactor>
            <PidShortGasName></PidShortGasName>
          </SingleSensorRow>
          <SingleSensorRow>
            <DateOccurred>2/7/2018 7:38:30 AM</DateOccurred>
            <DateOccurredUtc>2/7/2018 5:38:30 AM</DateOccurredUtc>
            <Average>0</Average>
            <Peak>0</Peak>
            <Temperature>33</Temperature>
            <PidResponseFactor></PidResponseFactor>
            <PidShortGasName></PidShortGasName>
          </SingleSensorRow>
          <SingleSensorRow>
            <DateOccurred>2/7/2018 7:39:30 AM</DateOccurred>
            <DateOccurredUtc>2/7/2018 5:39:30 AM</DateOccurredUtc>
            <Average>0</Average>
            <Peak>0</Peak>
            <Temperature>33</Temperature>
            <PidResponseFactor></PidResponseFactor>
            <PidShortGasName></PidShortGasName>
          </SingleSensorRow>
          <SingleSensorRow>
            <DateOccurred>2/7/2018 7:40:30 AM</DateOccurred>
            <DateOccurredUtc>2/7/2018 5:40:30 AM</DateOccurredUtc>
            <Average>0</Average>
            <Peak>0</Peak>
            <Temperature>33</Temperature>
            <PidResponseFactor></PidResponseFactor>
            <PidShortGasName></PidShortGasName>
          </SingleSensorRow>
          <SingleSensorRow>
            <DateOccurred>2/7/2018 7:41:30 AM</DateOccurred>
            <DateOccurredUtc>2/7/2018 5:41:30 AM</DateOccurredUtc>
            <Average>0</Average>
            <Peak>0</Peak>
            <Temperature>33</Temperature>
            <PidResponseFactor></PidResponseFactor>
            <PidShortGasName></PidShortGasName>
          </SingleSensorRow>
          <SingleSensorRow>
            <DateOccurred>2/7/2018 7:42:30 AM</DateOccurred>
            <DateOccurredUtc>2/7/2018 5:42:30 AM</DateOccurredUtc>
            <Average>0</Average>
            <Peak>0</Peak>
            <Temperature>33</Temperature>
            <PidResponseFactor></PidResponseFactor>
            <PidShortGasName></PidShortGasName>
          </SingleSensorRow>
          <SingleSensorRow>
            <DateOccurred>2/7/2018 7:43:30 AM</DateOccurred>
            <DateOccurredUtc>2/7/2018 5:43:30 AM</DateOccurredUtc>
            <Average>0</Average>
            <Peak>0</Peak>
            <Temperature>33</Temperature>
            <PidResponseFactor></PidResponseFactor>
            <PidShortGasName></PidShortGasName>
          </SingleSensorRow>
          <SingleSensorRow>
            <DateOccurred>2/7/2018 7:44:30 AM</DateOccurred>
            <DateOccurredUtc>2/7/2018 5:44:30 AM</DateOccurredUtc>
            <Average>0</Average>
            <Peak>0</Peak>
            <Temperature>33</Temperature>
            <PidResponseFactor></PidResponseFactor>
            <PidShortGasName></PidShortGasName>
          </SingleSensorRow>
          <SingleSensorRow>
            <DateOccurred>2/7/2018 7:45:30 AM</DateOccurred>
            <DateOccurredUtc>2/7/2018 5:45:30 AM</DateOccurredUtc>
            <Average>0</Average>
            <Peak>0</Peak>
            <Temperature>33</Temperature>
            <PidResponseFactor></PidResponseFactor>
            <PidShortGasName></PidShortGasName>
          </SingleSensorRow>
          <SingleSensorRow>
            <DateOccurred>2/7/2018 7:46:30 AM</DateOccurred>
            <DateOccurredUtc>2/7/2018 5:46:30 AM</DateOccurredUtc>
            <Average>0</Average>
            <Peak>0</Peak>
            <Temperature>33</Temperature>
            <PidResponseFactor></PidResponseFactor>
            <PidShortGasName></PidShortGasName>
          </SingleSensorRow>
          <SingleSensorRow>
            <DateOccurred>2/7/2018 7:47:30 AM</DateOccurred>
            <DateOccurredUtc>2/7/2018 5:47:30 AM</DateOccurredUtc>
            <Average>0</Average>
            <Peak>0</Peak>
            <Temperature>34</Temperature>
            <PidResponseFactor></PidResponseFactor>
            <PidShortGasName></PidShortGasName>
          </SingleSensorRow>
        </Readings>
      </SingleSensorLog>
      <SingleSensorLog>
        <DashboardCalibrationSensorDetails>
          <TestType>Calibration</TestType>
          <FoundValue>162</FoundValue>
          <ExpectedValue>173</ExpectedValue>
          <TestResult>Passed</TestResult>
          <CylinderLot></CylinderLot>
          <CylinderPartNumber>0</CylinderPartNumber>
          <Site>3</Site>
          <GasUnit>PPM</GasUnit>
          <Gas>CO</Gas>
          <IsFailed>False</IsFailed>
          <Enabled>True</Enabled>
          <DatePerformedUtc>1/1/0001 12:00:00 AM</DatePerformedUtc>
        </DashboardCalibrationSensorDetails>
        <Readings>
          <SingleSensorRow>
            <DateOccurred>2/7/2018 7:34:30 AM</DateOccurred>
            <DateOccurredUtc>2/7/2018 5:34:30 AM</DateOccurredUtc>
            <Average>93</Average>
            <Peak>97</Peak>
            <Temperature>33</Temperature>
            <PidResponseFactor></PidResponseFactor>
            <PidShortGasName></PidShortGasName>
          </SingleSensorRow>
          <SingleSensorRow>
            <DateOccurred>2/7/2018 7:35:30 AM</DateOccurred>
            <DateOccurredUtc>2/7/2018 5:35:30 AM</DateOccurredUtc>
            <Average>96</Average>
            <Peak>98</Peak>
            <Temperature>33</Temperature>
            <PidResponseFactor></PidResponseFactor>
            <PidShortGasName></PidShortGasName>
          </SingleSensorRow>
          <SingleSensorRow>
            <DateOccurred>2/7/2018 7:36:30 AM</DateOccurred>
            <DateOccurredUtc>2/7/2018 5:36:30 AM</DateOccurredUtc>
            <Average>98</Average>
            <Peak>100</Peak>
            <Temperature>33</Temperature>
            <PidResponseFactor></PidResponseFactor>
            <PidShortGasName></PidShortGasName>
          </SingleSensorRow>
          <SingleSensorRow>
            <DateOccurred>2/7/2018 7:37:30 AM</DateOccurred>
            <DateOccurredUtc>2/7/2018 5:37:30 AM</DateOccurredUtc>
            <Average>101</Average>
            <Peak>104</Peak>
            <Temperature>33</Temperature>
            <PidResponseFactor></PidResponseFactor>
            <PidShortGasName></PidShortGasName>
          </SingleSensorRow>
          <SingleSensorRow>
            <DateOccurred>2/7/2018 7:38:30 AM</DateOccurred>
            <DateOccurredUtc>2/7/2018 5:38:30 AM</DateOccurredUtc>
            <Average>104</Average>
            <Peak>106</Peak>
            <Temperature>33</Temperature>
            <PidResponseFactor></PidResponseFactor>
            <PidShortGasName></PidShortGasName>
          </SingleSensorRow>
          <SingleSensorRow>
            <DateOccurred>2/7/2018 7:39:30 AM</DateOccurred>
            <DateOccurredUtc>2/7/2018 5:39:30 AM</DateOccurredUtc>
            <Average>104</Average>
            <Peak>106</Peak>
            <Temperature>33</Temperature>
            <PidResponseFactor></PidResponseFactor>
            <PidShortGasName></PidShortGasName>
          </SingleSensorRow>
          <SingleSensorRow>
            <DateOccurred>2/7/2018 7:40:30 AM</DateOccurred>
            <DateOccurredUtc>2/7/2018 5:40:30 AM</DateOccurredUtc>
            <Average>104</Average>
            <Peak>106</Peak>
            <Temperature>33</Temperature>
            <PidResponseFactor></PidResponseFactor>
            <PidShortGasName></PidShortGasName>
          </SingleSensorRow>
          <SingleSensorRow>
            <DateOccurred>2/7/2018 7:41:30 AM</DateOccurred>
            <DateOccurredUtc>2/7/2018 5:41:30 AM</DateOccurredUtc>
            <Average>105</Average>
            <Peak>107</Peak>
            <Temperature>33</Temperature>
            <PidResponseFactor></PidResponseFactor>
            <PidShortGasName></PidShortGasName>
          </SingleSensorRow>
          <SingleSensorRow>
            <DateOccurred>2/7/2018 7:42:30 AM</DateOccurred>
            <DateOccurredUtc>2/7/2018 5:42:30 AM</DateOccurredUtc>
            <Average>105</Average>
            <Peak>107</Peak>
            <Temperature>33</Temperature>
            <PidResponseFactor></PidResponseFactor>
            <PidShortGasName></PidShortGasName>
          </SingleSensorRow>
          <SingleSensorRow>
            <DateOccurred>2/7/2018 7:43:30 AM</DateOccurred>
            <DateOccurredUtc>2/7/2018 5:43:30 AM</DateOccurredUtc>
            <Average>105</Average>
            <Peak>107</Peak>
            <Temperature>33</Temperature>
            <PidResponseFactor></PidResponseFactor>
            <PidShortGasName></PidShortGasName>
          </SingleSensorRow>
          <SingleSensorRow>
            <DateOccurred>2/7/2018 7:44:30 AM</DateOccurred>
            <DateOccurredUtc>2/7/2018 5:44:30 AM</DateOccurredUtc>
            <Average>105</Average>
            <Peak>107</Peak>
            <Temperature>33</Temperature>
            <PidResponseFactor></PidResponseFactor>
            <PidShortGasName></PidShortGasName>
          </SingleSensorRow>
          <SingleSensorRow>
            <DateOccurred>2/7/2018 7:45:30 AM</DateOccurred>
            <DateOccurredUtc>2/7/2018 5:45:30 AM</DateOccurredUtc>
            <Average>105</Average>
            <Peak>107</Peak>
            <Temperature>33</Temperature>
            <PidResponseFactor></PidResponseFactor>
            <PidShortGasName></PidShortGasName>
          </SingleSensorRow>
          <SingleSensorRow>
            <DateOccurred>2/7/2018 7:46:30 AM</DateOccurred>
            <DateOccurredUtc>2/7/2018 5:46:30 AM</DateOccurredUtc>
            <Average>105</Average>
            <Peak>108</Peak>
            <Temperature>33</Temperature>
            <PidResponseFactor></PidResponseFactor>
            <PidShortGasName></PidShortGasName>
          </SingleSensorRow>
          <SingleSensorRow>
            <DateOccurred>2/7/2018 7:47:30 AM</DateOccurred>
            <DateOccurredUtc>2/7/2018 5:47:30 AM</DateOccurredUtc>
            <Average>107</Average>
            <Peak>110</Peak>
            <Temperature>34</Temperature>
            <PidResponseFactor></PidResponseFactor>
            <PidShortGasName></PidShortGasName>
          </SingleSensorRow>
        </Readings>
      </SingleSensorLog>
      <SingleSensorLog>
        <DashboardCalibrationSensorDetails>
          <TestType>None</TestType>
          <FoundValue></FoundValue>
          <ExpectedValue></ExpectedValue>
          <TestResult>NotTested</TestResult>
          <CylinderLot></CylinderLot>
          <CylinderPartNumber></CylinderPartNumber>
          <Site>4</Site>
          <GasUnit>PPM</GasUnit>
          <Gas>H2S</Gas>
          <IsFailed>False</IsFailed>
          <Enabled>False</Enabled>
          <DatePerformedUtc>1/1/0001 12:00:00 AM</DatePerformedUtc>
        </DashboardCalibrationSensorDetails>
        <Readings>
          <SingleSensorRow>
            <DateOccurred>2/7/2018 7:34:30 AM</DateOccurred>
            <DateOccurredUtc>2/7/2018 5:34:30 AM</DateOccurredUtc>
            <Average>0</Average>
            <Peak>0</Peak>
            <Temperature>33</Temperature>
            <PidResponseFactor></PidResponseFactor>
            <PidShortGasName></PidShortGasName>
          </SingleSensorRow>
          <SingleSensorRow>
            <DateOccurred>2/7/2018 7:35:30 AM</DateOccurred>
            <DateOccurredUtc>2/7/2018 5:35:30 AM</DateOccurredUtc>
            <Average>0</Average>
            <Peak>0</Peak>
            <Temperature>33</Temperature>
            <PidResponseFactor></PidResponseFactor>
            <PidShortGasName></PidShortGasName>
          </SingleSensorRow>
          <SingleSensorRow>
            <DateOccurred>2/7/2018 7:36:30 AM</DateOccurred>
            <DateOccurredUtc>2/7/2018 5:36:30 AM</DateOccurredUtc>
            <Average>0</Average>
            <Peak>0</Peak>
            <Temperature>33</Temperature>
            <PidResponseFactor></PidResponseFactor>
            <PidShortGasName></PidShortGasName>
          </SingleSensorRow>
          <SingleSensorRow>
            <DateOccurred>2/7/2018 7:37:30 AM</DateOccurred>
            <DateOccurredUtc>2/7/2018 5:37:30 AM</DateOccurredUtc>
            <Average>0</Average>
            <Peak>0</Peak>
            <Temperature>33</Temperature>
            <PidResponseFactor></PidResponseFactor>
            <PidShortGasName></PidShortGasName>
          </SingleSensorRow>
          <SingleSensorRow>
            <DateOccurred>2/7/2018 7:38:30 AM</DateOccurred>
            <DateOccurredUtc>2/7/2018 5:38:30 AM</DateOccurredUtc>
            <Average>0</Average>
            <Peak>0</Peak>
            <Temperature>33</Temperature>
            <PidResponseFactor></PidResponseFactor>
            <PidShortGasName></PidShortGasName>
          </SingleSensorRow>
          <SingleSensorRow>
            <DateOccurred>2/7/2018 7:39:30 AM</DateOccurred>
            <DateOccurredUtc>2/7/2018 5:39:30 AM</DateOccurredUtc>
            <Average>0</Average>
            <Peak>0</Peak>
            <Temperature>33</Temperature>
            <PidResponseFactor></PidResponseFactor>
            <PidShortGasName></PidShortGasName>
          </SingleSensorRow>
          <SingleSensorRow>
            <DateOccurred>2/7/2018 7:40:30 AM</DateOccurred>
            <DateOccurredUtc>2/7/2018 5:40:30 AM</DateOccurredUtc>
            <Average>0</Average>
            <Peak>0</Peak>
            <Temperature>33</Temperature>
            <PidResponseFactor></PidResponseFactor>
            <PidShortGasName></PidShortGasName>
          </SingleSensorRow>
          <SingleSensorRow>
            <DateOccurred>2/7/2018 7:41:30 AM</DateOccurred>
            <DateOccurredUtc>2/7/2018 5:41:30 AM</DateOccurredUtc>
            <Average>0</Average>
            <Peak>0</Peak>
            <Temperature>33</Temperature>
            <PidResponseFactor></PidResponseFactor>
            <PidShortGasName></PidShortGasName>
          </SingleSensorRow>
          <SingleSensorRow>
            <DateOccurred>2/7/2018 7:42:30 AM</DateOccurred>
            <DateOccurredUtc>2/7/2018 5:42:30 AM</DateOccurredUtc>
            <Average>0</Average>
            <Peak>0</Peak>
            <Temperature>33</Temperature>
            <PidResponseFactor></PidResponseFactor>
            <PidShortGasName></PidShortGasName>
          </SingleSensorRow>
          <SingleSensorRow>
            <DateOccurred>2/7/2018 7:43:30 AM</DateOccurred>
            <DateOccurredUtc>2/7/2018 5:43:30 AM</DateOccurredUtc>
            <Average>0</Average>
            <Peak>0</Peak>
            <Temperature>33</Temperature>
            <PidResponseFactor></PidResponseFactor>
            <PidShortGasName></PidShortGasName>
          </SingleSensorRow>
          <SingleSensorRow>
            <DateOccurred>2/7/2018 7:44:30 AM</DateOccurred>
            <DateOccurredUtc>2/7/2018 5:44:30 AM</DateOccurredUtc>
            <Average>0</Average>
            <Peak>0</Peak>
            <Temperature>33</Temperature>
            <PidResponseFactor></PidResponseFactor>
            <PidShortGasName></PidShortGasName>
          </SingleSensorRow>
          <SingleSensorRow>
            <DateOccurred>2/7/2018 7:45:30 AM</DateOccurred>
            <DateOccurredUtc>2/7/2018 5:45:30 AM</DateOccurredUtc>
            <Average>0</Average>
            <Peak>0</Peak>
            <Temperature>33</Temperature>
            <PidResponseFactor></PidResponseFactor>
            <PidShortGasName></PidShortGasName>
          </SingleSensorRow>
          <SingleSensorRow>
            <DateOccurred>2/7/2018 7:46:30 AM</DateOccurred>
            <DateOccurredUtc>2/7/2018 5:46:30 AM</DateOccurredUtc>
            <Average>0</Average>
            <Peak>0</Peak>
            <Temperature>33</Temperature>
            <PidResponseFactor></PidResponseFactor>
            <PidShortGasName></PidShortGasName>
          </SingleSensorRow>
          <SingleSensorRow>
            <DateOccurred>2/7/2018 7:47:30 AM</DateOccurred>
            <DateOccurredUtc>2/7/2018 5:47:30 AM</DateOccurredUtc>
            <Average>0</Average>
            <Peak>0</Peak>
            <Temperature>34</Temperature>
            <PidResponseFactor></PidResponseFactor>
            <PidShortGasName></PidShortGasName>
          </SingleSensorRow>
        </Readings>
      </SingleSensorLog>
    </Data>
  </SessionAlarmDetails>
</Report>