<Report>
  <SessionAlarmDetails>
    <Instrument>
      <Type>Altair4X</Type>
      <UserName></UserName>
      <Company></Company>
      <Department></Department>
      <SerialNumber>0</SerialNumber>
      <AverageEnable>True</AverageEnable>
      <PeakEnable>True</PeakEnable>
      <DatalogEnable>True</DatalogEnable>
      <AverageInterval>0</AverageInterval>
      <AudioAlarmEnable>True</AudioAlarmEnable>
      <LedAlarmEnable>True</LedAlarmEnable>
      <VibratingAlarmEnable>True</VibratingAlarmEnable>
      <ManDownAlarmEnable>False</ManDownAlarmEnable>
      <CalibrationInterval>30</CalibrationInterval>
      <BumpInterval>0</BumpInterval>
      <TimeZone>South Africa Standard Time</TimeZone>
      <DaylightSavingsEnable>False</DaylightSavingsEnable>
      <Sensors>
        <Sensor>
          <GasUnits>PercentLEL</GasUnits>
          <GasType>CO</GasType>
          <Site>3</Site>
          <Enabled>True</Enabled>
          <Alarms>
            <Alarm>
              <AlarmType>ExposureLowAlarm</AlarmType>
              <Enabled>True</Enabled>
              <Latching>False</Latching>
              <Setpoint>50</Setpoint>
            </Alarm>
            <Alarm>
              <AlarmType>ExposureHighAlarm</AlarmType>
              <Enabled>True</Enabled>
              <Latching>True</Latching>
              <Setpoint>100</Setpoint>
            </Alarm>
            <Alarm>
              <AlarmType>TWA</AlarmType>
              <Enabled>True</Enabled>
              <Latching>True</Latching>
              <Setpoint>30</Setpoint>
            </Alarm>
          </Alarms>
        </Sensor>
        <Sensor>
          <GasUnits>PercentLEL</GasUnits>
          <GasType>Methane</GasType>
          <Site>1</Site>
          <Enabled>True</Enabled>
          <Alarms>
            <Alarm>
              <AlarmType>ExposureLowAlarm</AlarmType>
              <Enabled>True</Enabled>
              <Latching>False</Latching>
              <Setpoint>0.5</Setpoint>
            </Alarm>
            <Alarm>
              <AlarmType>ExposureHighAlarm</AlarmType>
              <Enabled>True</Enabled>
              <Latching>True</Latching>
              <Setpoint>1</Setpoint>
            </Alarm>
          </Alarms>
        </Sensor>
        <Sensor>
          <GasUnits>PercentLEL</GasUnits>
          <GasType>H2S</GasType>
          <Site>4</Site>
          <Enabled>False</Enabled>
          <Alarms>
            <Alarm>
              <AlarmType>ExposureLowAlarm</AlarmType>
              <Enabled>True</Enabled>
              <Latching>False</Latching>
              <Setpoint>10</Setpoint>
            </Alarm>
            <Alarm>
              <AlarmType>ExposureHighAlarm</AlarmType>
              <Enabled>True</Enabled>
              <Latching>True</Latching>
              <Setpoint>15</Setpoint>
            </Alarm>
            <Alarm>
              <AlarmType>TWA</AlarmType>
              <Enabled>True</Enabled>
              <Latching>True</Latching>
              <Setpoint>10</Setpoint>
            </Alarm>
          </Alarms>
        </Sensor>
      </Sensors>
    </Instrument>
    <DatabaseEventTimestamp>
      <TimeStampLocalTime>1/10/2018 9:01:15 AM</TimeStampLocalTime>
      <TimeStampOrigin>1/10/2018 4:01:15 PM</TimeStampOrigin>
      <DateEnteredOrigin>1/10/2018 6:36:02 PM</DateEnteredOrigin>
      <TimeZoneOfOrigin>South Africa Standard Time</TimeZoneOfOrigin>
      <TimeStampUTC>1/10/2018 2:01:15 PM</TimeStampUTC>
      <DateEnteredUTC>1/10/2018 4:36:02 PM</DateEnteredUTC>
    </DatabaseEventTimestamp>
    <LastValidCalibration>12/9/2017 8:44:43 AM</LastValidCalibration>
    <BankName>Station 006</BankName>
    <Site>3</Site>
    <AlarmType>ExposurePeakAlarm</AlarmType>
    <AlarmValue>54.00000000</AlarmValue>
    <Data>
      <SingleSensorLog>
        <DashboardCalibrationSensorDetails>
          <TestType>Calibration</TestType>
          <FoundValue>1.4</FoundValue>
          <ExpectedValue>1.38</ExpectedValue>
          <TestResult>Passed</TestResult>
          <CylinderLot></CylinderLot>
          <CylinderPartNumber>0</CylinderPartNumber>
          <Site>1</Site>
          <GasUnit>PercentMethane</GasUnit>
          <Gas>Methane</Gas>
          <IsFailed>False</IsFailed>
          <Enabled>True</Enabled>
          <DatePerformedUtc>1/1/0001 12:00:00 AM</DatePerformedUtc>
        </DashboardCalibrationSensorDetails>
        <Readings>
          <SingleSensorRow>
            <DateOccurred>1/10/2018 3:58:30 PM</DateOccurred>
            <DateOccurredUtc>1/10/2018 1:58:30 PM</DateOccurredUtc>
            <Average>0</Average>
            <Peak>0</Peak>
            <Temperature>33</Temperature>
            <PidResponseFactor></PidResponseFactor>
            <PidShortGasName></PidShortGasName>
          </SingleSensorRow>
          <SingleSensorRow>
            <DateOccurred>1/10/2018 3:59:30 PM</DateOccurred>
            <DateOccurredUtc>1/10/2018 1:59:30 PM</DateOccurredUtc>
            <Average>0</Average>
            <Peak>0</Peak>
            <Temperature>33</Temperature>
            <PidResponseFactor></PidResponseFactor>
            <PidShortGasName></PidShortGasName>
          </SingleSensorRow>
          <SingleSensorRow>
            <DateOccurred>1/10/2018 4:00:30 PM</DateOccurred>
            <DateOccurredUtc>1/10/2018 2:00:30 PM</DateOccurredUtc>
            <Average>0</Average>
            <Peak>0</Peak>
            <Temperature>33</Temperature>
            <PidResponseFactor></PidResponseFactor>
            <PidShortGasName></PidShortGasName>
          </SingleSensorRow>
          <SingleSensorRow>
            <DateOccurred>1/10/2018 4:01:30 PM</DateOccurred>
            <DateOccurredUtc>1/10/2018 2:01:30 PM</DateOccurredUtc>
            <Average>0</Average>
            <Peak>0</Peak>
            <Temperature>33</Temperature>
            <PidResponseFactor></PidResponseFactor>
            <PidShortGasName></PidShortGasName>
          </SingleSensorRow>
          <SingleSensorRow>
            <DateOccurred>1/10/2018 4:02:30 PM</DateOccurred>
            <DateOccurredUtc>1/10/2018 2:02:30 PM</DateOccurredUtc>
            <Average>0</Average>
            <Peak>0</Peak>
            <Temperature>33</Temperature>
            <PidResponseFactor></PidResponseFactor>
            <PidShortGasName></PidShortGasName>
          </SingleSensorRow>
          <SingleSensorRow>
            <DateOccurred>1/10/2018 4:03:30 PM</DateOccurred>
            <DateOccurredUtc>1/10/2018 2:03:30 PM</DateOccurredUtc>
            <Average>0</Average>
            <Peak>0</Peak>
            <Temperature>33</Temperature>
            <PidResponseFactor></PidResponseFactor>
            <PidShortGasName></PidShortGasName>
          </SingleSensorRow>
          <SingleSensorRow>
            <DateOccurred>1/10/2018 4:04:30 PM</DateOccurred>
            <DateOccurredUtc>1/10/2018 2:04:30 PM</DateOccurredUtc>
            <Average>0</Average>
            <Peak>0</Peak>
            <Temperature>33</Temperature>
            <PidResponseFactor></PidResponseFactor>
            <PidShortGasName></PidShortGasName>
          </SingleSensorRow>
          <SingleSensorRow>
            <DateOccurred>1/10/2018 4:05:30 PM</DateOccurred>
            <DateOccurredUtc>1/10/2018 2:05:30 PM</DateOccurredUtc>
            <Average>0</Average>
            <Peak>0</Peak>
            <Temperature>33</Temperature>
            <PidResponseFactor></PidResponseFactor>
            <PidShortGasName></PidShortGasName>
          </SingleSensorRow>
          <SingleSensorRow>
            <DateOccurred>1/10/2018 4:06:30 PM</DateOccurred>
            <DateOccurredUtc>1/10/2018 2:06:30 PM</DateOccurredUtc>
            <Average>0</Average>
            <Peak>0</Peak>
            <Temperature>33</Temperature>
            <PidResponseFactor></PidResponseFactor>
            <PidShortGasName></PidShortGasName>
          </SingleSensorRow>
          <SingleSensorRow>
            <DateOccurred>1/10/2018 4:07:30 PM</DateOccurred>
            <DateOccurredUtc>1/10/2018 2:07:30 PM</DateOccurredUtc>
            <Average>0</Average>
            <Peak>0</Peak>
            <Temperature>33</Temperature>
            <PidResponseFactor></PidResponseFactor>
            <PidShortGasName></PidShortGasName>
          </SingleSensorRow>
          <SingleSensorRow>
            <DateOccurred>1/10/2018 4:08:30 PM</DateOccurred>
            <DateOccurredUtc>1/10/2018 2:08:30 PM</DateOccurredUtc>
            <Average>0</Average>
            <Peak>0</Peak>
            <Temperature>33</Temperature>
            <PidResponseFactor></PidResponseFactor>
            <PidShortGasName></PidShortGasName>
          </SingleSensorRow>
          <SingleSensorRow>
            <DateOccurred>1/10/2018 4:09:30 PM</DateOccurred>
            <DateOccurredUtc>1/10/2018 2:09:30 PM</DateOccurredUtc>
            <Average>0</Average>
            <Peak>0</Peak>
            <Temperature>33</Temperature>
            <PidResponseFactor></PidResponseFactor>
            <PidShortGasName></PidShortGasName>
          </SingleSensorRow>
          <SingleSensorRow>
            <DateOccurred>1/10/2018 4:10:30 PM</DateOccurred>
            <DateOccurredUtc>1/10/2018 2:10:30 PM</DateOccurredUtc>
            <Average>0</Average>
            <Peak>0</Peak>
            <Temperature>33</Temperature>
            <PidResponseFactor></PidResponseFactor>
            <PidShortGasName></PidShortGasName>
          </SingleSensorRow>
          <SingleSensorRow>
            <DateOccurred>1/10/2018 4:11:30 PM</DateOccurred>
            <DateOccurredUtc>1/10/2018 2:11:30 PM</DateOccurredUtc>
            <Average>0</Average>
            <Peak>0</Peak>
            <Temperature>33</Temperature>
            <PidResponseFactor></PidResponseFactor>
            <PidShortGasName></PidShortGasName>
          </SingleSensorRow>
          <SingleSensorRow>
            <DateOccurred>1/10/2018 4:12:30 PM</DateOccurred>
            <DateOccurredUtc>1/10/2018 2:12:30 PM</DateOccurredUtc>
            <Average>0</Average>
            <Peak>0</Peak>
            <Temperature>33</Temperature>
            <PidResponseFactor></PidResponseFactor>
            <PidShortGasName></PidShortGasName>
          </SingleSensorRow>
        </Readings>
      </SingleSensorLog>
      <SingleSensorLog>
        <DashboardCalibrationSensorDetails>
          <TestType>Calibration</TestType>
          <FoundValue>187</FoundValue>
          <ExpectedValue>173</ExpectedValue>
          <TestResult>Passed</TestResult>
          <CylinderLot></CylinderLot>
          <CylinderPartNumber>0</CylinderPartNumber>
          <Site>3</Site>
          <GasUnit>PPM</GasUnit>
          <Gas>CO</Gas>
          <IsFailed>False</IsFailed>
          <Enabled>True</Enabled>
          <DatePerformedUtc>1/1/0001 12:00:00 AM</DatePerformedUtc>
        </DashboardCalibrationSensorDetails>
        <Readings>
          <SingleSensorRow>
            <DateOccurred>1/10/2018 3:58:30 PM</DateOccurred>
            <DateOccurredUtc>1/10/2018 1:58:30 PM</DateOccurredUtc>
            <Average>0</Average>
            <Peak>1</Peak>
            <Temperature>33</Temperature>
            <PidResponseFactor></PidResponseFactor>
            <PidShortGasName></PidShortGasName>
          </SingleSensorRow>
          <SingleSensorRow>
            <DateOccurred>1/10/2018 3:59:30 PM</DateOccurred>
            <DateOccurredUtc>1/10/2018 1:59:30 PM</DateOccurredUtc>
            <Average>0</Average>
            <Peak>3</Peak>
            <Temperature>33</Temperature>
            <PidResponseFactor></PidResponseFactor>
            <PidShortGasName></PidShortGasName>
          </SingleSensorRow>
          <SingleSensorRow>
            <DateOccurred>1/10/2018 4:00:30 PM</DateOccurred>
            <DateOccurredUtc>1/10/2018 2:00:30 PM</DateOccurredUtc>
            <Average>16</Average>
            <Peak>30</Peak>
            <Temperature>33</Temperature>
            <PidResponseFactor></PidResponseFactor>
            <PidShortGasName></PidShortGasName>
          </SingleSensorRow>
          <SingleSensorRow>
            <DateOccurred>1/10/2018 4:01:30 PM</DateOccurred>
            <DateOccurredUtc>1/10/2018 2:01:30 PM</DateOccurredUtc>
            <Average>43</Average>
            <Peak>52</Peak>
            <Temperature>33</Temperature>
            <PidResponseFactor></PidResponseFactor>
            <PidShortGasName></PidShortGasName>
          </SingleSensorRow>
          <SingleSensorRow>
            <DateOccurred>1/10/2018 4:02:30 PM</DateOccurred>
            <DateOccurredUtc>1/10/2018 2:02:30 PM</DateOccurredUtc>
            <Average>51</Average>
            <Peak>54</Peak>
            <Temperature>33</Temperature>
            <PidResponseFactor></PidResponseFactor>
            <PidShortGasName></PidShortGasName>
          </SingleSensorRow>
          <SingleSensorRow>
            <DateOccurred>1/10/2018 4:03:30 PM</DateOccurred>
            <DateOccurredUtc>1/10/2018 2:03:30 PM</DateOccurredUtc>
            <Average>40</Average>
            <Peak>47</Peak>
            <Temperature>33</Temperature>
            <PidResponseFactor></PidResponseFactor>
            <PidShortGasName></PidShortGasName>
          </SingleSensorRow>
          <SingleSensorRow>
            <DateOccurred>1/10/2018 4:04:30 PM</DateOccurred>
            <DateOccurredUtc>1/10/2018 2:04:30 PM</DateOccurredUtc>
            <Average>31</Average>
            <Peak>37</Peak>
            <Temperature>33</Temperature>
            <PidResponseFactor></PidResponseFactor>
            <PidShortGasName></PidShortGasName>
          </SingleSensorRow>
          <SingleSensorRow>
            <DateOccurred>1/10/2018 4:05:30 PM</DateOccurred>
            <DateOccurredUtc>1/10/2018 2:05:30 PM</DateOccurredUtc>
            <Average>24</Average>
            <Peak>28</Peak>
            <Temperature>33</Temperature>
            <PidResponseFactor></PidResponseFactor>
            <PidShortGasName></PidShortGasName>
          </SingleSensorRow>
          <SingleSensorRow>
            <DateOccurred>1/10/2018 4:06:30 PM</DateOccurred>
            <DateOccurredUtc>1/10/2018 2:06:30 PM</DateOccurredUtc>
            <Average>20</Average>
            <Peak>23</Peak>
            <Temperature>33</Temperature>
            <PidResponseFactor></PidResponseFactor>
            <PidShortGasName></PidShortGasName>
          </SingleSensorRow>
          <SingleSensorRow>
            <DateOccurred>1/10/2018 4:07:30 PM</DateOccurred>
            <DateOccurredUtc>1/10/2018 2:07:30 PM</DateOccurredUtc>
            <Average>16</Average>
            <Peak>20</Peak>
            <Temperature>33</Temperature>
            <PidResponseFactor></PidResponseFactor>
            <PidShortGasName></PidShortGasName>
          </SingleSensorRow>
          <SingleSensorRow>
            <DateOccurred>1/10/2018 4:08:30 PM</DateOccurred>
            <DateOccurredUtc>1/10/2018 2:08:30 PM</DateOccurredUtc>
            <Average>14</Average>
            <Peak>17</Peak>
            <Temperature>33</Temperature>
            <PidResponseFactor></PidResponseFactor>
            <PidShortGasName></PidShortGasName>
          </SingleSensorRow>
          <SingleSensorRow>
            <DateOccurred>1/10/2018 4:09:30 PM</DateOccurred>
            <DateOccurredUtc>1/10/2018 2:09:30 PM</DateOccurredUtc>
            <Average>13</Average>
            <Peak>15</Peak>
            <Temperature>33</Temperature>
            <PidResponseFactor></PidResponseFactor>
            <PidShortGasName></PidShortGasName>
          </SingleSensorRow>
          <SingleSensorRow>
            <DateOccurred>1/10/2018 4:10:30 PM</DateOccurred>
            <DateOccurredUtc>1/10/2018 2:10:30 PM</DateOccurredUtc>
            <Average>12</Average>
            <Peak>14</Peak>
            <Temperature>33</Temperature>
            <PidResponseFactor></PidResponseFactor>
            <PidShortGasName></PidShortGasName>
          </SingleSensorRow>
          <SingleSensorRow>
            <DateOccurred>1/10/2018 4:11:30 PM</DateOccurred>
            <DateOccurredUtc>1/10/2018 2:11:30 PM</DateOccurredUtc>
            <Average>11</Average>
            <Peak>13</Peak>
            <Temperature>33</Temperature>
            <PidResponseFactor></PidResponseFactor>
            <PidShortGasName></PidShortGasName>
          </SingleSensorRow>
          <SingleSensorRow>
            <DateOccurred>1/10/2018 4:12:30 PM</DateOccurred>
            <DateOccurredUtc>1/10/2018 2:12:30 PM</DateOccurredUtc>
            <Average>10</Average>
            <Peak>12</Peak>
            <Temperature>33</Temperature>
            <PidResponseFactor></PidResponseFactor>
            <PidShortGasName></PidShortGasName>
          </SingleSensorRow>
        </Readings>
      </SingleSensorLog>
      <SingleSensorLog>
        <DashboardCalibrationSensorDetails>
          <TestType>None</TestType>
          <FoundValue></FoundValue>
          <ExpectedValue></ExpectedValue>
          <TestResult>NotTested</TestResult>
          <CylinderLot></CylinderLot>
          <CylinderPartNumber></CylinderPartNumber>
          <Site>4</Site>
          <GasUnit>PPM</GasUnit>
          <Gas>H2S</Gas>
          <IsFailed>False</IsFailed>
          <Enabled>False</Enabled>
          <DatePerformedUtc>1/1/0001 12:00:00 AM</DatePerformedUtc>
        </DashboardCalibrationSensorDetails>
        <Readings>
          <SingleSensorRow>
            <DateOccurred>1/10/2018 3:58:30 PM</DateOccurred>
            <DateOccurredUtc>1/10/2018 1:58:30 PM</DateOccurredUtc>
            <Average>0</Average>
            <Peak>0</Peak>
            <Temperature>33</Temperature>
            <PidResponseFactor></PidResponseFactor>
            <PidShortGasName></PidShortGasName>
          </SingleSensorRow>
          <SingleSensorRow>
            <DateOccurred>1/10/2018 3:59:30 PM</DateOccurred>
            <DateOccurredUtc>1/10/2018 1:59:30 PM</DateOccurredUtc>
            <Average>0</Average>
            <Peak>0</Peak>
            <Temperature>33</Temperature>
            <PidResponseFactor></PidResponseFactor>
            <PidShortGasName></PidShortGasName>
          </SingleSensorRow>
          <SingleSensorRow>
            <DateOccurred>1/10/2018 4:00:30 PM</DateOccurred>
            <DateOccurredUtc>1/10/2018 2:00:30 PM</DateOccurredUtc>
            <Average>0</Average>
            <Peak>0</Peak>
            <Temperature>33</Temperature>
            <PidResponseFactor></PidResponseFactor>
            <PidShortGasName></PidShortGasName>
          </SingleSensorRow>
          <SingleSensorRow>
            <DateOccurred>1/10/2018 4:01:30 PM</DateOccurred>
            <DateOccurredUtc>1/10/2018 2:01:30 PM</DateOccurredUtc>
            <Average>0</Average>
            <Peak>0</Peak>
            <Temperature>33</Temperature>
            <PidResponseFactor></PidResponseFactor>
            <PidShortGasName></PidShortGasName>
          </SingleSensorRow>
          <SingleSensorRow>
            <DateOccurred>1/10/2018 4:02:30 PM</DateOccurred>
            <DateOccurredUtc>1/10/2018 2:02:30 PM</DateOccurredUtc>
            <Average>0</Average>
            <Peak>0</Peak>
            <Temperature>33</Temperature>
            <PidResponseFactor></PidResponseFactor>
            <PidShortGasName></PidShortGasName>
          </SingleSensorRow>
          <SingleSensorRow>
            <DateOccurred>1/10/2018 4:03:30 PM</DateOccurred>
            <DateOccurredUtc>1/10/2018 2:03:30 PM</DateOccurredUtc>
            <Average>0</Average>
            <Peak>0</Peak>
            <Temperature>33</Temperature>
            <PidResponseFactor></PidResponseFactor>
            <PidShortGasName></PidShortGasName>
          </SingleSensorRow>
          <SingleSensorRow>
            <DateOccurred>1/10/2018 4:04:30 PM</DateOccurred>
            <DateOccurredUtc>1/10/2018 2:04:30 PM</DateOccurredUtc>
            <Average>0</Average>
            <Peak>0</Peak>
            <Temperature>33</Temperature>
            <PidResponseFactor></PidResponseFactor>
            <PidShortGasName></PidShortGasName>
          </SingleSensorRow>
          <SingleSensorRow>
            <DateOccurred>1/10/2018 4:05:30 PM</DateOccurred>
            <DateOccurredUtc>1/10/2018 2:05:30 PM</DateOccurredUtc>
            <Average>0</Average>
            <Peak>0</Peak>
            <Temperature>33</Temperature>
            <PidResponseFactor></PidResponseFactor>
            <PidShortGasName></PidShortGasName>
          </SingleSensorRow>
          <SingleSensorRow>
            <DateOccurred>1/10/2018 4:06:30 PM</DateOccurred>
            <DateOccurredUtc>1/10/2018 2:06:30 PM</DateOccurredUtc>
            <Average>0</Average>
            <Peak>0</Peak>
            <Temperature>33</Temperature>
            <PidResponseFactor></PidResponseFactor>
            <PidShortGasName></PidShortGasName>
          </SingleSensorRow>
          <SingleSensorRow>
            <DateOccurred>1/10/2018 4:07:30 PM</DateOccurred>
            <DateOccurredUtc>1/10/2018 2:07:30 PM</DateOccurredUtc>
            <Average>0</Average>
            <Peak>0</Peak>
            <Temperature>33</Temperature>
            <PidResponseFactor></PidResponseFactor>
            <PidShortGasName></PidShortGasName>
          </SingleSensorRow>
          <SingleSensorRow>
            <DateOccurred>1/10/2018 4:08:30 PM</DateOccurred>
            <DateOccurredUtc>1/10/2018 2:08:30 PM</DateOccurredUtc>
            <Average>0</Average>
            <Peak>0</Peak>
            <Temperature>33</Temperature>
            <PidResponseFactor></PidResponseFactor>
            <PidShortGasName></PidShortGasName>
          </SingleSensorRow>
          <SingleSensorRow>
            <DateOccurred>1/10/2018 4:09:30 PM</DateOccurred>
            <DateOccurredUtc>1/10/2018 2:09:30 PM</DateOccurredUtc>
            <Average>0</Average>
            <Peak>0</Peak>
            <Temperature>33</Temperature>
            <PidResponseFactor></PidResponseFactor>
            <PidShortGasName></PidShortGasName>
          </SingleSensorRow>
          <SingleSensorRow>
            <DateOccurred>1/10/2018 4:10:30 PM</DateOccurred>
            <DateOccurredUtc>1/10/2018 2:10:30 PM</DateOccurredUtc>
            <Average>0</Average>
            <Peak>0</Peak>
            <Temperature>33</Temperature>
            <PidResponseFactor></PidResponseFactor>
            <PidShortGasName></PidShortGasName>
          </SingleSensorRow>
          <SingleSensorRow>
            <DateOccurred>1/10/2018 4:11:30 PM</DateOccurred>
            <DateOccurredUtc>1/10/2018 2:11:30 PM</DateOccurredUtc>
            <Average>0</Average>
            <Peak>0</Peak>
            <Temperature>33</Temperature>
            <PidResponseFactor></PidResponseFactor>
            <PidShortGasName></PidShortGasName>
          </SingleSensorRow>
          <SingleSensorRow>
            <DateOccurred>1/10/2018 4:12:30 PM</DateOccurred>
            <DateOccurredUtc>1/10/2018 2:12:30 PM</DateOccurredUtc>
            <Average>0</Average>
            <Peak>0</Peak>
            <Temperature>33</Temperature>
            <PidResponseFactor></PidResponseFactor>
            <PidShortGasName></PidShortGasName>
          </SingleSensorRow>
        </Readings>
      </SingleSensorLog>
    </Data>
  </SessionAlarmDetails>
</Report>