<Report>
  <SessionAlarmDetails>
    <Instrument>
      <Type>Altair4X</Type>
      <UserName></UserName>
      <Company></Company>
      <Department></Department>
      <SerialNumber>0</SerialNumber>
      <AverageEnable>True</AverageEnable>
      <PeakEnable>True</PeakEnable>
      <DatalogEnable>True</DatalogEnable>
      <AverageInterval>0</AverageInterval>
      <AudioAlarmEnable>True</AudioAlarmEnable>
      <LedAlarmEnable>True</LedAlarmEnable>
      <VibratingAlarmEnable>True</VibratingAlarmEnable>
      <ManDownAlarmEnable>False</ManDownAlarmEnable>
      <CalibrationInterval>30</CalibrationInterval>
      <BumpInterval>0</BumpInterval>
      <TimeZone>South Africa Standard Time</TimeZone>
      <DaylightSavingsEnable>False</DaylightSavingsEnable>
      <Sensors>
        <Sensor>
          <GasUnits>PercentLEL</GasUnits>
          <GasType>CO</GasType>
          <Site>3</Site>
          <Enabled>True</Enabled>
          <Alarms>
            <Alarm>
              <AlarmType>ExposureLowAlarm</AlarmType>
              <Enabled>True</Enabled>
              <Latching>False</Latching>
              <Setpoint>50</Setpoint>
            </Alarm>
            <Alarm>
              <AlarmType>ExposureHighAlarm</AlarmType>
              <Enabled>True</Enabled>
              <Latching>True</Latching>
              <Setpoint>100</Setpoint>
            </Alarm>
            <Alarm>
              <AlarmType>TWA</AlarmType>
              <Enabled>True</Enabled>
              <Latching>True</Latching>
              <Setpoint>30</Setpoint>
            </Alarm>
          </Alarms>
        </Sensor>
        <Sensor>
          <GasUnits>PercentLEL</GasUnits>
          <GasType>Methane</GasType>
          <Site>1</Site>
          <Enabled>True</Enabled>
          <Alarms>
            <Alarm>
              <AlarmType>ExposureLowAlarm</AlarmType>
              <Enabled>True</Enabled>
              <Latching>False</Latching>
              <Setpoint>0.5</Setpoint>
            </Alarm>
            <Alarm>
              <AlarmType>ExposureHighAlarm</AlarmType>
              <Enabled>True</Enabled>
              <Latching>True</Latching>
              <Setpoint>1</Setpoint>
            </Alarm>
          </Alarms>
        </Sensor>
        <Sensor>
          <GasUnits>PercentLEL</GasUnits>
          <GasType>H2S</GasType>
          <Site>4</Site>
          <Enabled>False</Enabled>
          <Alarms>
            <Alarm>
              <AlarmType>ExposureLowAlarm</AlarmType>
              <Enabled>True</Enabled>
              <Latching>False</Latching>
              <Setpoint>10</Setpoint>
            </Alarm>
            <Alarm>
              <AlarmType>ExposureHighAlarm</AlarmType>
              <Enabled>True</Enabled>
              <Latching>True</Latching>
              <Setpoint>15</Setpoint>
            </Alarm>
            <Alarm>
              <AlarmType>TWA</AlarmType>
              <Enabled>True</Enabled>
              <Latching>True</Latching>
              <Setpoint>10</Setpoint>
            </Alarm>
          </Alarms>
        </Sensor>
      </Sensors>
    </Instrument>
    <DatabaseEventTimestamp>
      <TimeStampLocalTime>1/15/2018 1:00:15 AM</TimeStampLocalTime>
      <TimeStampOrigin>1/15/2018 8:00:15 AM</TimeStampOrigin>
      <DateEnteredOrigin>1/15/2018 12:29:38 PM</DateEnteredOrigin>
      <TimeZoneOfOrigin>South Africa Standard Time</TimeZoneOfOrigin>
      <TimeStampUTC>1/15/2018 6:00:15 AM</TimeStampUTC>
      <DateEnteredUTC>1/15/2018 10:29:38 AM</DateEnteredUTC>
    </DatabaseEventTimestamp>
    <LastValidCalibration>1/14/2018 10:51:13 PM</LastValidCalibration>
    <BankName>Station 004</BankName>
    <Site>3</Site>
    <AlarmType>ExposurePeakAlarm</AlarmType>
    <AlarmValue>72.00000000</AlarmValue>
    <Data>
      <SingleSensorLog>
        <DashboardCalibrationSensorDetails>
          <TestType>Calibration</TestType>
          <FoundValue>1.7</FoundValue>
          <ExpectedValue>1.38</ExpectedValue>
          <TestResult>Passed</TestResult>
          <CylinderLot></CylinderLot>
          <CylinderPartNumber>0</CylinderPartNumber>
          <Site>1</Site>
          <GasUnit>PercentMethane</GasUnit>
          <Gas>Methane</Gas>
          <IsFailed>False</IsFailed>
          <Enabled>True</Enabled>
          <DatePerformedUtc>1/1/0001 12:00:00 AM</DatePerformedUtc>
        </DashboardCalibrationSensorDetails>
        <Readings>
          <SingleSensorRow>
            <DateOccurred>1/15/2018 7:58:30 AM</DateOccurred>
            <DateOccurredUtc>1/15/2018 5:58:30 AM</DateOccurredUtc>
            <Average>0</Average>
            <Peak>0</Peak>
            <Temperature>30</Temperature>
            <PidResponseFactor></PidResponseFactor>
            <PidShortGasName></PidShortGasName>
          </SingleSensorRow>
          <SingleSensorRow>
            <DateOccurred>1/15/2018 7:59:30 AM</DateOccurred>
            <DateOccurredUtc>1/15/2018 5:59:30 AM</DateOccurredUtc>
            <Average>0</Average>
            <Peak>0</Peak>
            <Temperature>30</Temperature>
            <PidResponseFactor></PidResponseFactor>
            <PidShortGasName></PidShortGasName>
          </SingleSensorRow>
          <SingleSensorRow>
            <DateOccurred>1/15/2018 8:00:30 AM</DateOccurred>
            <DateOccurredUtc>1/15/2018 6:00:30 AM</DateOccurredUtc>
            <Average>0.0500000007450581</Average>
            <Peak>0.25</Peak>
            <Temperature>30</Temperature>
            <PidResponseFactor></PidResponseFactor>
            <PidShortGasName></PidShortGasName>
          </SingleSensorRow>
          <SingleSensorRow>
            <DateOccurred>1/15/2018 8:01:30 AM</DateOccurred>
            <DateOccurredUtc>1/15/2018 6:01:30 AM</DateOccurredUtc>
            <Average>0</Average>
            <Peak>0</Peak>
            <Temperature>30</Temperature>
            <PidResponseFactor></PidResponseFactor>
            <PidShortGasName></PidShortGasName>
          </SingleSensorRow>
          <SingleSensorRow>
            <DateOccurred>1/15/2018 8:02:30 AM</DateOccurred>
            <DateOccurredUtc>1/15/2018 6:02:30 AM</DateOccurredUtc>
            <Average>0</Average>
            <Peak>0</Peak>
            <Temperature>30</Temperature>
            <PidResponseFactor></PidResponseFactor>
            <PidShortGasName></PidShortGasName>
          </SingleSensorRow>
          <SingleSensorRow>
            <DateOccurred>1/15/2018 8:03:30 AM</DateOccurred>
            <DateOccurredUtc>1/15/2018 6:03:30 AM</DateOccurredUtc>
            <Average>0</Average>
            <Peak>0.100000001490116</Peak>
            <Temperature>30</Temperature>
            <PidResponseFactor></PidResponseFactor>
            <PidShortGasName></PidShortGasName>
          </SingleSensorRow>
          <SingleSensorRow>
            <DateOccurred>1/15/2018 8:04:30 AM</DateOccurred>
            <DateOccurredUtc>1/15/2018 6:04:30 AM</DateOccurredUtc>
            <Average>0.0500000007450581</Average>
            <Peak>0.150000005960464</Peak>
            <Temperature>30</Temperature>
            <PidResponseFactor></PidResponseFactor>
            <PidShortGasName></PidShortGasName>
          </SingleSensorRow>
          <SingleSensorRow>
            <DateOccurred>1/15/2018 8:05:30 AM</DateOccurred>
            <DateOccurredUtc>1/15/2018 6:05:30 AM</DateOccurredUtc>
            <Average>0</Average>
            <Peak>0</Peak>
            <Temperature>30</Temperature>
            <PidResponseFactor></PidResponseFactor>
            <PidShortGasName></PidShortGasName>
          </SingleSensorRow>
          <SingleSensorRow>
            <DateOccurred>1/15/2018 8:06:30 AM</DateOccurred>
            <DateOccurredUtc>1/15/2018 6:06:30 AM</DateOccurredUtc>
            <Average>0</Average>
            <Peak>0</Peak>
            <Temperature>32</Temperature>
            <PidResponseFactor></PidResponseFactor>
            <PidShortGasName></PidShortGasName>
          </SingleSensorRow>
          <SingleSensorRow>
            <DateOccurred>1/15/2018 8:07:30 AM</DateOccurred>
            <DateOccurredUtc>1/15/2018 6:07:30 AM</DateOccurredUtc>
            <Average>0</Average>
            <Peak>0</Peak>
            <Temperature>32</Temperature>
            <PidResponseFactor></PidResponseFactor>
            <PidShortGasName></PidShortGasName>
          </SingleSensorRow>
          <SingleSensorRow>
            <DateOccurred>1/15/2018 8:08:30 AM</DateOccurred>
            <DateOccurredUtc>1/15/2018 6:08:30 AM</DateOccurredUtc>
            <Average>0</Average>
            <Peak>0</Peak>
            <Temperature>32</Temperature>
            <PidResponseFactor></PidResponseFactor>
            <PidShortGasName></PidShortGasName>
          </SingleSensorRow>
          <SingleSensorRow>
            <DateOccurred>1/15/2018 8:09:30 AM</DateOccurred>
            <DateOccurredUtc>1/15/2018 6:09:30 AM</DateOccurredUtc>
            <Average>0</Average>
            <Peak>0</Peak>
            <Temperature>32</Temperature>
            <PidResponseFactor></PidResponseFactor>
            <PidShortGasName></PidShortGasName>
          </SingleSensorRow>
          <SingleSensorRow>
            <DateOccurred>1/15/2018 8:10:30 AM</DateOccurred>
            <DateOccurredUtc>1/15/2018 6:10:30 AM</DateOccurredUtc>
            <Average>0</Average>
            <Peak>0</Peak>
            <Temperature>32</Temperature>
            <PidResponseFactor></PidResponseFactor>
            <PidShortGasName></PidShortGasName>
          </SingleSensorRow>
        </Readings>
      </SingleSensorLog>
      <SingleSensorLog>
        <DashboardCalibrationSensorDetails>
          <TestType>Calibration</TestType>
          <FoundValue>168</FoundValue>
          <ExpectedValue>173</ExpectedValue>
          <TestResult>Passed</TestResult>
          <CylinderLot></CylinderLot>
          <CylinderPartNumber>0</CylinderPartNumber>
          <Site>3</Site>
          <GasUnit>PPM</GasUnit>
          <Gas>CO</Gas>
          <IsFailed>False</IsFailed>
          <Enabled>True</Enabled>
          <DatePerformedUtc>1/1/0001 12:00:00 AM</DatePerformedUtc>
        </DashboardCalibrationSensorDetails>
        <Readings>
          <SingleSensorRow>
            <DateOccurred>1/15/2018 7:58:30 AM</DateOccurred>
            <DateOccurredUtc>1/15/2018 5:58:30 AM</DateOccurredUtc>
            <Average>0</Average>
            <Peak>1</Peak>
            <Temperature>30</Temperature>
            <PidResponseFactor></PidResponseFactor>
            <PidShortGasName></PidShortGasName>
          </SingleSensorRow>
          <SingleSensorRow>
            <DateOccurred>1/15/2018 7:59:30 AM</DateOccurred>
            <DateOccurredUtc>1/15/2018 5:59:30 AM</DateOccurredUtc>
            <Average>0</Average>
            <Peak>1</Peak>
            <Temperature>30</Temperature>
            <PidResponseFactor></PidResponseFactor>
            <PidShortGasName></PidShortGasName>
          </SingleSensorRow>
          <SingleSensorRow>
            <DateOccurred>1/15/2018 8:00:30 AM</DateOccurred>
            <DateOccurredUtc>1/15/2018 6:00:30 AM</DateOccurredUtc>
            <Average>43</Average>
            <Peak>72</Peak>
            <Temperature>30</Temperature>
            <PidResponseFactor></PidResponseFactor>
            <PidShortGasName></PidShortGasName>
          </SingleSensorRow>
          <SingleSensorRow>
            <DateOccurred>1/15/2018 8:01:30 AM</DateOccurred>
            <DateOccurredUtc>1/15/2018 6:01:30 AM</DateOccurredUtc>
            <Average>22</Average>
            <Peak>46</Peak>
            <Temperature>30</Temperature>
            <PidResponseFactor></PidResponseFactor>
            <PidShortGasName></PidShortGasName>
          </SingleSensorRow>
          <SingleSensorRow>
            <DateOccurred>1/15/2018 8:02:30 AM</DateOccurred>
            <DateOccurredUtc>1/15/2018 6:02:30 AM</DateOccurredUtc>
            <Average>9</Average>
            <Peak>11</Peak>
            <Temperature>30</Temperature>
            <PidResponseFactor></PidResponseFactor>
            <PidShortGasName></PidShortGasName>
          </SingleSensorRow>
          <SingleSensorRow>
            <DateOccurred>1/15/2018 8:03:30 AM</DateOccurred>
            <DateOccurredUtc>1/15/2018 6:03:30 AM</DateOccurredUtc>
            <Average>20</Average>
            <Peak>77</Peak>
            <Temperature>30</Temperature>
            <PidResponseFactor></PidResponseFactor>
            <PidShortGasName></PidShortGasName>
          </SingleSensorRow>
          <SingleSensorRow>
            <DateOccurred>1/15/2018 8:04:30 AM</DateOccurred>
            <DateOccurredUtc>1/15/2018 6:04:30 AM</DateOccurredUtc>
            <Average>81</Average>
            <Peak>108</Peak>
            <Temperature>30</Temperature>
            <PidResponseFactor></PidResponseFactor>
            <PidShortGasName></PidShortGasName>
          </SingleSensorRow>
          <SingleSensorRow>
            <DateOccurred>1/15/2018 8:05:30 AM</DateOccurred>
            <DateOccurredUtc>1/15/2018 6:05:30 AM</DateOccurredUtc>
            <Average>23</Average>
            <Peak>55</Peak>
            <Temperature>30</Temperature>
            <PidResponseFactor></PidResponseFactor>
            <PidShortGasName></PidShortGasName>
          </SingleSensorRow>
          <SingleSensorRow>
            <DateOccurred>1/15/2018 8:06:30 AM</DateOccurred>
            <DateOccurredUtc>1/15/2018 6:06:30 AM</DateOccurredUtc>
            <Average>8</Average>
            <Peak>11</Peak>
            <Temperature>32</Temperature>
            <PidResponseFactor></PidResponseFactor>
            <PidShortGasName></PidShortGasName>
          </SingleSensorRow>
          <SingleSensorRow>
            <DateOccurred>1/15/2018 8:07:30 AM</DateOccurred>
            <DateOccurredUtc>1/15/2018 6:07:30 AM</DateOccurredUtc>
            <Average>5</Average>
            <Peak>7</Peak>
            <Temperature>32</Temperature>
            <PidResponseFactor></PidResponseFactor>
            <PidShortGasName></PidShortGasName>
          </SingleSensorRow>
          <SingleSensorRow>
            <DateOccurred>1/15/2018 8:08:30 AM</DateOccurred>
            <DateOccurredUtc>1/15/2018 6:08:30 AM</DateOccurredUtc>
            <Average>4</Average>
            <Peak>6</Peak>
            <Temperature>32</Temperature>
            <PidResponseFactor></PidResponseFactor>
            <PidShortGasName></PidShortGasName>
          </SingleSensorRow>
          <SingleSensorRow>
            <DateOccurred>1/15/2018 8:09:30 AM</DateOccurred>
            <DateOccurredUtc>1/15/2018 6:09:30 AM</DateOccurredUtc>
            <Average>0</Average>
            <Peak>4</Peak>
            <Temperature>32</Temperature>
            <PidResponseFactor></PidResponseFactor>
            <PidShortGasName></PidShortGasName>
          </SingleSensorRow>
          <SingleSensorRow>
            <DateOccurred>1/15/2018 8:10:30 AM</DateOccurred>
            <DateOccurredUtc>1/15/2018 6:10:30 AM</DateOccurredUtc>
            <Average>0</Average>
            <Peak>1</Peak>
            <Temperature>32</Temperature>
            <PidResponseFactor></PidResponseFactor>
            <PidShortGasName></PidShortGasName>
          </SingleSensorRow>
        </Readings>
      </SingleSensorLog>
      <SingleSensorLog>
        <DashboardCalibrationSensorDetails>
          <TestType>None</TestType>
          <FoundValue></FoundValue>
          <ExpectedValue></ExpectedValue>
          <TestResult>NotTested</TestResult>
          <CylinderLot></CylinderLot>
          <CylinderPartNumber></CylinderPartNumber>
          <Site>4</Site>
          <GasUnit>PPM</GasUnit>
          <Gas>H2S</Gas>
          <IsFailed>False</IsFailed>
          <Enabled>False</Enabled>
          <DatePerformedUtc>1/1/0001 12:00:00 AM</DatePerformedUtc>
        </DashboardCalibrationSensorDetails>
        <Readings>
          <SingleSensorRow>
            <DateOccurred>1/15/2018 7:58:30 AM</DateOccurred>
            <DateOccurredUtc>1/15/2018 5:58:30 AM</DateOccurredUtc>
            <Average>0</Average>
            <Peak>0</Peak>
            <Temperature>30</Temperature>
            <PidResponseFactor></PidResponseFactor>
            <PidShortGasName></PidShortGasName>
          </SingleSensorRow>
          <SingleSensorRow>
            <DateOccurred>1/15/2018 7:59:30 AM</DateOccurred>
            <DateOccurredUtc>1/15/2018 5:59:30 AM</DateOccurredUtc>
            <Average>0</Average>
            <Peak>0</Peak>
            <Temperature>30</Temperature>
            <PidResponseFactor></PidResponseFactor>
            <PidShortGasName></PidShortGasName>
          </SingleSensorRow>
          <SingleSensorRow>
            <DateOccurred>1/15/2018 8:00:30 AM</DateOccurred>
            <DateOccurredUtc>1/15/2018 6:00:30 AM</DateOccurredUtc>
            <Average>0</Average>
            <Peak>0</Peak>
            <Temperature>30</Temperature>
            <PidResponseFactor></PidResponseFactor>
            <PidShortGasName></PidShortGasName>
          </SingleSensorRow>
          <SingleSensorRow>
            <DateOccurred>1/15/2018 8:01:30 AM</DateOccurred>
            <DateOccurredUtc>1/15/2018 6:01:30 AM</DateOccurredUtc>
            <Average>0</Average>
            <Peak>0</Peak>
            <Temperature>30</Temperature>
            <PidResponseFactor></PidResponseFactor>
            <PidShortGasName></PidShortGasName>
          </SingleSensorRow>
          <SingleSensorRow>
            <DateOccurred>1/15/2018 8:02:30 AM</DateOccurred>
            <DateOccurredUtc>1/15/2018 6:02:30 AM</DateOccurredUtc>
            <Average>0</Average>
            <Peak>0</Peak>
            <Temperature>30</Temperature>
            <PidResponseFactor></PidResponseFactor>
            <PidShortGasName></PidShortGasName>
          </SingleSensorRow>
          <SingleSensorRow>
            <DateOccurred>1/15/2018 8:03:30 AM</DateOccurred>
            <DateOccurredUtc>1/15/2018 6:03:30 AM</DateOccurredUtc>
            <Average>0</Average>
            <Peak>0</Peak>
            <Temperature>30</Temperature>
            <PidResponseFactor></PidResponseFactor>
            <PidShortGasName></PidShortGasName>
          </SingleSensorRow>
          <SingleSensorRow>
            <DateOccurred>1/15/2018 8:04:30 AM</DateOccurred>
            <DateOccurredUtc>1/15/2018 6:04:30 AM</DateOccurredUtc>
            <Average>0</Average>
            <Peak>0</Peak>
            <Temperature>30</Temperature>
            <PidResponseFactor></PidResponseFactor>
            <PidShortGasName></PidShortGasName>
          </SingleSensorRow>
          <SingleSensorRow>
            <DateOccurred>1/15/2018 8:05:30 AM</DateOccurred>
            <DateOccurredUtc>1/15/2018 6:05:30 AM</DateOccurredUtc>
            <Average>0</Average>
            <Peak>0</Peak>
            <Temperature>30</Temperature>
            <PidResponseFactor></PidResponseFactor>
            <PidShortGasName></PidShortGasName>
          </SingleSensorRow>
          <SingleSensorRow>
            <DateOccurred>1/15/2018 8:06:30 AM</DateOccurred>
            <DateOccurredUtc>1/15/2018 6:06:30 AM</DateOccurredUtc>
            <Average>0</Average>
            <Peak>0</Peak>
            <Temperature>32</Temperature>
            <PidResponseFactor></PidResponseFactor>
            <PidShortGasName></PidShortGasName>
          </SingleSensorRow>
          <SingleSensorRow>
            <DateOccurred>1/15/2018 8:07:30 AM</DateOccurred>
            <DateOccurredUtc>1/15/2018 6:07:30 AM</DateOccurredUtc>
            <Average>0</Average>
            <Peak>0</Peak>
            <Temperature>32</Temperature>
            <PidResponseFactor></PidResponseFactor>
            <PidShortGasName></PidShortGasName>
          </SingleSensorRow>
          <SingleSensorRow>
            <DateOccurred>1/15/2018 8:08:30 AM</DateOccurred>
            <DateOccurredUtc>1/15/2018 6:08:30 AM</DateOccurredUtc>
            <Average>0</Average>
            <Peak>0</Peak>
            <Temperature>32</Temperature>
            <PidResponseFactor></PidResponseFactor>
            <PidShortGasName></PidShortGasName>
          </SingleSensorRow>
          <SingleSensorRow>
            <DateOccurred>1/15/2018 8:09:30 AM</DateOccurred>
            <DateOccurredUtc>1/15/2018 6:09:30 AM</DateOccurredUtc>
            <Average>0</Average>
            <Peak>0</Peak>
            <Temperature>32</Temperature>
            <PidResponseFactor></PidResponseFactor>
            <PidShortGasName></PidShortGasName>
          </SingleSensorRow>
          <SingleSensorRow>
            <DateOccurred>1/15/2018 8:10:30 AM</DateOccurred>
            <DateOccurredUtc>1/15/2018 6:10:30 AM</DateOccurredUtc>
            <Average>0</Average>
            <Peak>0</Peak>
            <Temperature>32</Temperature>
            <PidResponseFactor></PidResponseFactor>
            <PidShortGasName></PidShortGasName>
          </SingleSensorRow>
        </Readings>
      </SingleSensorLog>
    </Data>
  </SessionAlarmDetails>
</Report>