<Report>
  <SessionAlarmDetails>
    <Instrument>
      <Type>Altair4X</Type>
      <UserName></UserName>
      <Company></Company>
      <Department></Department>
      <SerialNumber>0</SerialNumber>
      <AverageEnable>True</AverageEnable>
      <PeakEnable>True</PeakEnable>
      <DatalogEnable>True</DatalogEnable>
      <AverageInterval>0</AverageInterval>
      <AudioAlarmEnable>True</AudioAlarmEnable>
      <LedAlarmEnable>True</LedAlarmEnable>
      <VibratingAlarmEnable>True</VibratingAlarmEnable>
      <ManDownAlarmEnable>False</ManDownAlarmEnable>
      <CalibrationInterval>30</CalibrationInterval>
      <BumpInterval>0</BumpInterval>
      <TimeZone>South Africa Standard Time</TimeZone>
      <DaylightSavingsEnable>False</DaylightSavingsEnable>
      <Sensors>
        <Sensor>
          <GasUnits>PercentLEL</GasUnits>
          <GasType>CO</GasType>
          <Site>3</Site>
          <Enabled>True</Enabled>
          <Alarms>
            <Alarm>
              <AlarmType>ExposureLowAlarm</AlarmType>
              <Enabled>True</Enabled>
              <Latching>False</Latching>
              <Setpoint>50</Setpoint>
            </Alarm>
            <Alarm>
              <AlarmType>ExposureHighAlarm</AlarmType>
              <Enabled>True</Enabled>
              <Latching>True</Latching>
              <Setpoint>100</Setpoint>
            </Alarm>
            <Alarm>
              <AlarmType>TWA</AlarmType>
              <Enabled>True</Enabled>
              <Latching>True</Latching>
              <Setpoint>30</Setpoint>
            </Alarm>
          </Alarms>
        </Sensor>
        <Sensor>
          <GasUnits>PercentLEL</GasUnits>
          <GasType>Methane</GasType>
          <Site>1</Site>
          <Enabled>True</Enabled>
          <Alarms>
            <Alarm>
              <AlarmType>ExposureLowAlarm</AlarmType>
              <Enabled>True</Enabled>
              <Latching>False</Latching>
              <Setpoint>0.5</Setpoint>
            </Alarm>
            <Alarm>
              <AlarmType>ExposureHighAlarm</AlarmType>
              <Enabled>True</Enabled>
              <Latching>True</Latching>
              <Setpoint>1</Setpoint>
            </Alarm>
          </Alarms>
        </Sensor>
        <Sensor>
          <GasUnits>PercentLEL</GasUnits>
          <GasType>H2S</GasType>
          <Site>4</Site>
          <Enabled>False</Enabled>
          <Alarms>
            <Alarm>
              <AlarmType>ExposureLowAlarm</AlarmType>
              <Enabled>True</Enabled>
              <Latching>False</Latching>
              <Setpoint>10</Setpoint>
            </Alarm>
            <Alarm>
              <AlarmType>ExposureHighAlarm</AlarmType>
              <Enabled>True</Enabled>
              <Latching>True</Latching>
              <Setpoint>15</Setpoint>
            </Alarm>
            <Alarm>
              <AlarmType>TWA</AlarmType>
              <Enabled>True</Enabled>
              <Latching>True</Latching>
              <Setpoint>10</Setpoint>
            </Alarm>
          </Alarms>
        </Sensor>
      </Sensors>
    </Instrument>
    <DatabaseEventTimestamp>
      <TimeStampLocalTime>2/7/2018 12:02:15 AM</TimeStampLocalTime>
      <TimeStampOrigin>2/7/2018 7:02:15 AM</TimeStampOrigin>
      <DateEnteredOrigin>2/7/2018 2:03:51 PM</DateEnteredOrigin>
      <TimeZoneOfOrigin>South Africa Standard Time</TimeZoneOfOrigin>
      <TimeStampUTC>2/7/2018 5:02:15 AM</TimeStampUTC>
      <DateEnteredUTC>2/7/2018 12:03:51 PM</DateEnteredUTC>
    </DatabaseEventTimestamp>
    <LastValidCalibration>1/16/2018 10:17:54 AM</LastValidCalibration>
    <BankName>Station 001</BankName>
    <Site>3</Site>
    <AlarmType>ExposurePeakAlarm</AlarmType>
    <AlarmValue>50.00000000</AlarmValue>
    <Data>
      <SingleSensorLog>
        <DashboardCalibrationSensorDetails>
          <TestType>Calibration</TestType>
          <FoundValue>1.65</FoundValue>
          <ExpectedValue>1.38</ExpectedValue>
          <TestResult>Passed</TestResult>
          <CylinderLot></CylinderLot>
          <CylinderPartNumber>0</CylinderPartNumber>
          <Site>1</Site>
          <GasUnit>PercentMethane</GasUnit>
          <Gas>Methane</Gas>
          <IsFailed>False</IsFailed>
          <Enabled>True</Enabled>
          <DatePerformedUtc>1/1/0001 12:00:00 AM</DatePerformedUtc>
        </DashboardCalibrationSensorDetails>
        <Readings>
          <SingleSensorRow>
            <DateOccurred>2/7/2018 7:00:30 AM</DateOccurred>
            <DateOccurredUtc>2/7/2018 5:00:30 AM</DateOccurredUtc>
            <Average>0</Average>
            <Peak>0</Peak>
            <Temperature>27</Temperature>
            <PidResponseFactor></PidResponseFactor>
            <PidShortGasName></PidShortGasName>
          </SingleSensorRow>
          <SingleSensorRow>
            <DateOccurred>2/7/2018 7:01:30 AM</DateOccurred>
            <DateOccurredUtc>2/7/2018 5:01:30 AM</DateOccurredUtc>
            <Average>0</Average>
            <Peak>0</Peak>
            <Temperature>27</Temperature>
            <PidResponseFactor></PidResponseFactor>
            <PidShortGasName></PidShortGasName>
          </SingleSensorRow>
          <SingleSensorRow>
            <DateOccurred>2/7/2018 7:02:30 AM</DateOccurred>
            <DateOccurredUtc>2/7/2018 5:02:30 AM</DateOccurredUtc>
            <Average>0</Average>
            <Peak>0</Peak>
            <Temperature>28</Temperature>
            <PidResponseFactor></PidResponseFactor>
            <PidShortGasName></PidShortGasName>
          </SingleSensorRow>
          <SingleSensorRow>
            <DateOccurred>2/7/2018 7:03:30 AM</DateOccurred>
            <DateOccurredUtc>2/7/2018 5:03:30 AM</DateOccurredUtc>
            <Average>0</Average>
            <Peak>0</Peak>
            <Temperature>28</Temperature>
            <PidResponseFactor></PidResponseFactor>
            <PidShortGasName></PidShortGasName>
          </SingleSensorRow>
          <SingleSensorRow>
            <DateOccurred>2/7/2018 7:04:30 AM</DateOccurred>
            <DateOccurredUtc>2/7/2018 5:04:30 AM</DateOccurredUtc>
            <Average>0</Average>
            <Peak>0</Peak>
            <Temperature>28</Temperature>
            <PidResponseFactor></PidResponseFactor>
            <PidShortGasName></PidShortGasName>
          </SingleSensorRow>
          <SingleSensorRow>
            <DateOccurred>2/7/2018 7:05:30 AM</DateOccurred>
            <DateOccurredUtc>2/7/2018 5:05:30 AM</DateOccurredUtc>
            <Average>0</Average>
            <Peak>0</Peak>
            <Temperature>28</Temperature>
            <PidResponseFactor></PidResponseFactor>
            <PidShortGasName></PidShortGasName>
          </SingleSensorRow>
          <SingleSensorRow>
            <DateOccurred>2/7/2018 7:06:30 AM</DateOccurred>
            <DateOccurredUtc>2/7/2018 5:06:30 AM</DateOccurredUtc>
            <Average>0</Average>
            <Peak>0</Peak>
            <Temperature>28</Temperature>
            <PidResponseFactor></PidResponseFactor>
            <PidShortGasName></PidShortGasName>
          </SingleSensorRow>
          <SingleSensorRow>
            <DateOccurred>2/7/2018 7:07:30 AM</DateOccurred>
            <DateOccurredUtc>2/7/2018 5:07:30 AM</DateOccurredUtc>
            <Average>0</Average>
            <Peak>0</Peak>
            <Temperature>28</Temperature>
            <PidResponseFactor></PidResponseFactor>
            <PidShortGasName></PidShortGasName>
          </SingleSensorRow>
          <SingleSensorRow>
            <DateOccurred>2/7/2018 7:08:30 AM</DateOccurred>
            <DateOccurredUtc>2/7/2018 5:08:30 AM</DateOccurredUtc>
            <Average>0</Average>
            <Peak>0</Peak>
            <Temperature>28</Temperature>
            <PidResponseFactor></PidResponseFactor>
            <PidShortGasName></PidShortGasName>
          </SingleSensorRow>
          <SingleSensorRow>
            <DateOccurred>2/7/2018 7:09:30 AM</DateOccurred>
            <DateOccurredUtc>2/7/2018 5:09:30 AM</DateOccurredUtc>
            <Average>0</Average>
            <Peak>0</Peak>
            <Temperature>28</Temperature>
            <PidResponseFactor></PidResponseFactor>
            <PidShortGasName></PidShortGasName>
          </SingleSensorRow>
          <SingleSensorRow>
            <DateOccurred>2/7/2018 7:10:30 AM</DateOccurred>
            <DateOccurredUtc>2/7/2018 5:10:30 AM</DateOccurredUtc>
            <Average>0</Average>
            <Peak>0</Peak>
            <Temperature>28</Temperature>
            <PidResponseFactor></PidResponseFactor>
            <PidShortGasName></PidShortGasName>
          </SingleSensorRow>
          <SingleSensorRow>
            <DateOccurred>2/7/2018 7:11:30 AM</DateOccurred>
            <DateOccurredUtc>2/7/2018 5:11:30 AM</DateOccurredUtc>
            <Average>0</Average>
            <Peak>0</Peak>
            <Temperature>28</Temperature>
            <PidResponseFactor></PidResponseFactor>
            <PidShortGasName></PidShortGasName>
          </SingleSensorRow>
          <SingleSensorRow>
            <DateOccurred>2/7/2018 7:12:30 AM</DateOccurred>
            <DateOccurredUtc>2/7/2018 5:12:30 AM</DateOccurredUtc>
            <Average>0</Average>
            <Peak>0</Peak>
            <Temperature>28</Temperature>
            <PidResponseFactor></PidResponseFactor>
            <PidShortGasName></PidShortGasName>
          </SingleSensorRow>
          <SingleSensorRow>
            <DateOccurred>2/7/2018 7:13:30 AM</DateOccurred>
            <DateOccurredUtc>2/7/2018 5:13:30 AM</DateOccurredUtc>
            <Average>0</Average>
            <Peak>0</Peak>
            <Temperature>28</Temperature>
            <PidResponseFactor></PidResponseFactor>
            <PidShortGasName></PidShortGasName>
          </SingleSensorRow>
          <SingleSensorRow>
            <DateOccurred>2/7/2018 7:14:30 AM</DateOccurred>
            <DateOccurredUtc>2/7/2018 5:14:30 AM</DateOccurredUtc>
            <Average>0</Average>
            <Peak>0</Peak>
            <Temperature>28</Temperature>
            <PidResponseFactor></PidResponseFactor>
            <PidShortGasName></PidShortGasName>
          </SingleSensorRow>
          <SingleSensorRow>
            <DateOccurred>2/7/2018 7:15:30 AM</DateOccurred>
            <DateOccurredUtc>2/7/2018 5:15:30 AM</DateOccurredUtc>
            <Average>0</Average>
            <Peak>0</Peak>
            <Temperature>28</Temperature>
            <PidResponseFactor></PidResponseFactor>
            <PidShortGasName></PidShortGasName>
          </SingleSensorRow>
        </Readings>
      </SingleSensorLog>
      <SingleSensorLog>
        <DashboardCalibrationSensorDetails>
          <TestType>Calibration</TestType>
          <FoundValue>162</FoundValue>
          <ExpectedValue>173</ExpectedValue>
          <TestResult>Passed</TestResult>
          <CylinderLot></CylinderLot>
          <CylinderPartNumber>0</CylinderPartNumber>
          <Site>3</Site>
          <GasUnit>PPM</GasUnit>
          <Gas>CO</Gas>
          <IsFailed>False</IsFailed>
          <Enabled>True</Enabled>
          <DatePerformedUtc>1/1/0001 12:00:00 AM</DatePerformedUtc>
        </DashboardCalibrationSensorDetails>
        <Readings>
          <SingleSensorRow>
            <DateOccurred>2/7/2018 7:00:30 AM</DateOccurred>
            <DateOccurredUtc>2/7/2018 5:00:30 AM</DateOccurredUtc>
            <Average>47</Average>
            <Peak>49</Peak>
            <Temperature>27</Temperature>
            <PidResponseFactor></PidResponseFactor>
            <PidShortGasName></PidShortGasName>
          </SingleSensorRow>
          <SingleSensorRow>
            <DateOccurred>2/7/2018 7:01:30 AM</DateOccurred>
            <DateOccurredUtc>2/7/2018 5:01:30 AM</DateOccurredUtc>
            <Average>48</Average>
            <Peak>50</Peak>
            <Temperature>27</Temperature>
            <PidResponseFactor></PidResponseFactor>
            <PidShortGasName></PidShortGasName>
          </SingleSensorRow>
          <SingleSensorRow>
            <DateOccurred>2/7/2018 7:02:30 AM</DateOccurred>
            <DateOccurredUtc>2/7/2018 5:02:30 AM</DateOccurredUtc>
            <Average>48</Average>
            <Peak>50</Peak>
            <Temperature>28</Temperature>
            <PidResponseFactor></PidResponseFactor>
            <PidShortGasName></PidShortGasName>
          </SingleSensorRow>
          <SingleSensorRow>
            <DateOccurred>2/7/2018 7:03:30 AM</DateOccurred>
            <DateOccurredUtc>2/7/2018 5:03:30 AM</DateOccurredUtc>
            <Average>50</Average>
            <Peak>53</Peak>
            <Temperature>28</Temperature>
            <PidResponseFactor></PidResponseFactor>
            <PidShortGasName></PidShortGasName>
          </SingleSensorRow>
          <SingleSensorRow>
            <DateOccurred>2/7/2018 7:04:30 AM</DateOccurred>
            <DateOccurredUtc>2/7/2018 5:04:30 AM</DateOccurredUtc>
            <Average>51</Average>
            <Peak>53</Peak>
            <Temperature>28</Temperature>
            <PidResponseFactor></PidResponseFactor>
            <PidShortGasName></PidShortGasName>
          </SingleSensorRow>
          <SingleSensorRow>
            <DateOccurred>2/7/2018 7:05:30 AM</DateOccurred>
            <DateOccurredUtc>2/7/2018 5:05:30 AM</DateOccurredUtc>
            <Average>52</Average>
            <Peak>53</Peak>
            <Temperature>28</Temperature>
            <PidResponseFactor></PidResponseFactor>
            <PidShortGasName></PidShortGasName>
          </SingleSensorRow>
          <SingleSensorRow>
            <DateOccurred>2/7/2018 7:06:30 AM</DateOccurred>
            <DateOccurredUtc>2/7/2018 5:06:30 AM</DateOccurredUtc>
            <Average>53</Average>
            <Peak>55</Peak>
            <Temperature>28</Temperature>
            <PidResponseFactor></PidResponseFactor>
            <PidShortGasName></PidShortGasName>
          </SingleSensorRow>
          <SingleSensorRow>
            <DateOccurred>2/7/2018 7:07:30 AM</DateOccurred>
            <DateOccurredUtc>2/7/2018 5:07:30 AM</DateOccurredUtc>
            <Average>54</Average>
            <Peak>56</Peak>
            <Temperature>28</Temperature>
            <PidResponseFactor></PidResponseFactor>
            <PidShortGasName></PidShortGasName>
          </SingleSensorRow>
          <SingleSensorRow>
            <DateOccurred>2/7/2018 7:08:30 AM</DateOccurred>
            <DateOccurredUtc>2/7/2018 5:08:30 AM</DateOccurredUtc>
            <Average>56</Average>
            <Peak>57</Peak>
            <Temperature>28</Temperature>
            <PidResponseFactor></PidResponseFactor>
            <PidShortGasName></PidShortGasName>
          </SingleSensorRow>
          <SingleSensorRow>
            <DateOccurred>2/7/2018 7:09:30 AM</DateOccurred>
            <DateOccurredUtc>2/7/2018 5:09:30 AM</DateOccurredUtc>
            <Average>56</Average>
            <Peak>58</Peak>
            <Temperature>28</Temperature>
            <PidResponseFactor></PidResponseFactor>
            <PidShortGasName></PidShortGasName>
          </SingleSensorRow>
          <SingleSensorRow>
            <DateOccurred>2/7/2018 7:10:30 AM</DateOccurred>
            <DateOccurredUtc>2/7/2018 5:10:30 AM</DateOccurredUtc>
            <Average>59</Average>
            <Peak>61</Peak>
            <Temperature>28</Temperature>
            <PidResponseFactor></PidResponseFactor>
            <PidShortGasName></PidShortGasName>
          </SingleSensorRow>
          <SingleSensorRow>
            <DateOccurred>2/7/2018 7:11:30 AM</DateOccurred>
            <DateOccurredUtc>2/7/2018 5:11:30 AM</DateOccurredUtc>
            <Average>59</Average>
            <Peak>61</Peak>
            <Temperature>28</Temperature>
            <PidResponseFactor></PidResponseFactor>
            <PidShortGasName></PidShortGasName>
          </SingleSensorRow>
          <SingleSensorRow>
            <DateOccurred>2/7/2018 7:12:30 AM</DateOccurred>
            <DateOccurredUtc>2/7/2018 5:12:30 AM</DateOccurredUtc>
            <Average>61</Average>
            <Peak>63</Peak>
            <Temperature>28</Temperature>
            <PidResponseFactor></PidResponseFactor>
            <PidShortGasName></PidShortGasName>
          </SingleSensorRow>
          <SingleSensorRow>
            <DateOccurred>2/7/2018 7:13:30 AM</DateOccurred>
            <DateOccurredUtc>2/7/2018 5:13:30 AM</DateOccurredUtc>
            <Average>63</Average>
            <Peak>65</Peak>
            <Temperature>28</Temperature>
            <PidResponseFactor></PidResponseFactor>
            <PidShortGasName></PidShortGasName>
          </SingleSensorRow>
          <SingleSensorRow>
            <DateOccurred>2/7/2018 7:14:30 AM</DateOccurred>
            <DateOccurredUtc>2/7/2018 5:14:30 AM</DateOccurredUtc>
            <Average>64</Average>
            <Peak>66</Peak>
            <Temperature>28</Temperature>
            <PidResponseFactor></PidResponseFactor>
            <PidShortGasName></PidShortGasName>
          </SingleSensorRow>
          <SingleSensorRow>
            <DateOccurred>2/7/2018 7:15:30 AM</DateOccurred>
            <DateOccurredUtc>2/7/2018 5:15:30 AM</DateOccurredUtc>
            <Average>66</Average>
            <Peak>67</Peak>
            <Temperature>28</Temperature>
            <PidResponseFactor></PidResponseFactor>
            <PidShortGasName></PidShortGasName>
          </SingleSensorRow>
        </Readings>
      </SingleSensorLog>
      <SingleSensorLog>
        <DashboardCalibrationSensorDetails>
          <TestType>None</TestType>
          <FoundValue></FoundValue>
          <ExpectedValue></ExpectedValue>
          <TestResult>NotTested</TestResult>
          <CylinderLot></CylinderLot>
          <CylinderPartNumber></CylinderPartNumber>
          <Site>4</Site>
          <GasUnit>PPM</GasUnit>
          <Gas>H2S</Gas>
          <IsFailed>False</IsFailed>
          <Enabled>False</Enabled>
          <DatePerformedUtc>1/1/0001 12:00:00 AM</DatePerformedUtc>
        </DashboardCalibrationSensorDetails>
        <Readings>
          <SingleSensorRow>
            <DateOccurred>2/7/2018 7:00:30 AM</DateOccurred>
            <DateOccurredUtc>2/7/2018 5:00:30 AM</DateOccurredUtc>
            <Average>0</Average>
            <Peak>0</Peak>
            <Temperature>27</Temperature>
            <PidResponseFactor></PidResponseFactor>
            <PidShortGasName></PidShortGasName>
          </SingleSensorRow>
          <SingleSensorRow>
            <DateOccurred>2/7/2018 7:01:30 AM</DateOccurred>
            <DateOccurredUtc>2/7/2018 5:01:30 AM</DateOccurredUtc>
            <Average>0</Average>
            <Peak>0</Peak>
            <Temperature>27</Temperature>
            <PidResponseFactor></PidResponseFactor>
            <PidShortGasName></PidShortGasName>
          </SingleSensorRow>
          <SingleSensorRow>
            <DateOccurred>2/7/2018 7:02:30 AM</DateOccurred>
            <DateOccurredUtc>2/7/2018 5:02:30 AM</DateOccurredUtc>
            <Average>0</Average>
            <Peak>0</Peak>
            <Temperature>28</Temperature>
            <PidResponseFactor></PidResponseFactor>
            <PidShortGasName></PidShortGasName>
          </SingleSensorRow>
          <SingleSensorRow>
            <DateOccurred>2/7/2018 7:03:30 AM</DateOccurred>
            <DateOccurredUtc>2/7/2018 5:03:30 AM</DateOccurredUtc>
            <Average>0</Average>
            <Peak>0</Peak>
            <Temperature>28</Temperature>
            <PidResponseFactor></PidResponseFactor>
            <PidShortGasName></PidShortGasName>
          </SingleSensorRow>
          <SingleSensorRow>
            <DateOccurred>2/7/2018 7:04:30 AM</DateOccurred>
            <DateOccurredUtc>2/7/2018 5:04:30 AM</DateOccurredUtc>
            <Average>0</Average>
            <Peak>0</Peak>
            <Temperature>28</Temperature>
            <PidResponseFactor></PidResponseFactor>
            <PidShortGasName></PidShortGasName>
          </SingleSensorRow>
          <SingleSensorRow>
            <DateOccurred>2/7/2018 7:05:30 AM</DateOccurred>
            <DateOccurredUtc>2/7/2018 5:05:30 AM</DateOccurredUtc>
            <Average>0</Average>
            <Peak>0</Peak>
            <Temperature>28</Temperature>
            <PidResponseFactor></PidResponseFactor>
            <PidShortGasName></PidShortGasName>
          </SingleSensorRow>
          <SingleSensorRow>
            <DateOccurred>2/7/2018 7:06:30 AM</DateOccurred>
            <DateOccurredUtc>2/7/2018 5:06:30 AM</DateOccurredUtc>
            <Average>0</Average>
            <Peak>0</Peak>
            <Temperature>28</Temperature>
            <PidResponseFactor></PidResponseFactor>
            <PidShortGasName></PidShortGasName>
          </SingleSensorRow>
          <SingleSensorRow>
            <DateOccurred>2/7/2018 7:07:30 AM</DateOccurred>
            <DateOccurredUtc>2/7/2018 5:07:30 AM</DateOccurredUtc>
            <Average>0</Average>
            <Peak>0</Peak>
            <Temperature>28</Temperature>
            <PidResponseFactor></PidResponseFactor>
            <PidShortGasName></PidShortGasName>
          </SingleSensorRow>
          <SingleSensorRow>
            <DateOccurred>2/7/2018 7:08:30 AM</DateOccurred>
            <DateOccurredUtc>2/7/2018 5:08:30 AM</DateOccurredUtc>
            <Average>0</Average>
            <Peak>0</Peak>
            <Temperature>28</Temperature>
            <PidResponseFactor></PidResponseFactor>
            <PidShortGasName></PidShortGasName>
          </SingleSensorRow>
          <SingleSensorRow>
            <DateOccurred>2/7/2018 7:09:30 AM</DateOccurred>
            <DateOccurredUtc>2/7/2018 5:09:30 AM</DateOccurredUtc>
            <Average>0</Average>
            <Peak>0</Peak>
            <Temperature>28</Temperature>
            <PidResponseFactor></PidResponseFactor>
            <PidShortGasName></PidShortGasName>
          </SingleSensorRow>
          <SingleSensorRow>
            <DateOccurred>2/7/2018 7:10:30 AM</DateOccurred>
            <DateOccurredUtc>2/7/2018 5:10:30 AM</DateOccurredUtc>
            <Average>0</Average>
            <Peak>0</Peak>
            <Temperature>28</Temperature>
            <PidResponseFactor></PidResponseFactor>
            <PidShortGasName></PidShortGasName>
          </SingleSensorRow>
          <SingleSensorRow>
            <DateOccurred>2/7/2018 7:11:30 AM</DateOccurred>
            <DateOccurredUtc>2/7/2018 5:11:30 AM</DateOccurredUtc>
            <Average>0</Average>
            <Peak>0</Peak>
            <Temperature>28</Temperature>
            <PidResponseFactor></PidResponseFactor>
            <PidShortGasName></PidShortGasName>
          </SingleSensorRow>
          <SingleSensorRow>
            <DateOccurred>2/7/2018 7:12:30 AM</DateOccurred>
            <DateOccurredUtc>2/7/2018 5:12:30 AM</DateOccurredUtc>
            <Average>0</Average>
            <Peak>0</Peak>
            <Temperature>28</Temperature>
            <PidResponseFactor></PidResponseFactor>
            <PidShortGasName></PidShortGasName>
          </SingleSensorRow>
          <SingleSensorRow>
            <DateOccurred>2/7/2018 7:13:30 AM</DateOccurred>
            <DateOccurredUtc>2/7/2018 5:13:30 AM</DateOccurredUtc>
            <Average>0</Average>
            <Peak>0</Peak>
            <Temperature>28</Temperature>
            <PidResponseFactor></PidResponseFactor>
            <PidShortGasName></PidShortGasName>
          </SingleSensorRow>
          <SingleSensorRow>
            <DateOccurred>2/7/2018 7:14:30 AM</DateOccurred>
            <DateOccurredUtc>2/7/2018 5:14:30 AM</DateOccurredUtc>
            <Average>0</Average>
            <Peak>0</Peak>
            <Temperature>28</Temperature>
            <PidResponseFactor></PidResponseFactor>
            <PidShortGasName></PidShortGasName>
          </SingleSensorRow>
          <SingleSensorRow>
            <DateOccurred>2/7/2018 7:15:30 AM</DateOccurred>
            <DateOccurredUtc>2/7/2018 5:15:30 AM</DateOccurredUtc>
            <Average>0</Average>
            <Peak>0</Peak>
            <Temperature>28</Temperature>
            <PidResponseFactor></PidResponseFactor>
            <PidShortGasName></PidShortGasName>
          </SingleSensorRow>
        </Readings>
      </SingleSensorLog>
    </Data>
  </SessionAlarmDetails>
</Report>